ROW_NO	LONG_YN	DEAL_YN	PRDT_CD	PRDT_NM	MODEL_NM	PRDT_3PL_CD	PRDT_TP	PRDT_TP_CD	PRDT_TP_NM	STCK_TP	STCK_TP_CD	STCK_TP_NM	WHSE_CD	WHSE_NM	STCK_SUM_QTY	STCK_RSV_QTY	STCK_CAN_QTY	MAJ_CTGR_CD	MAJ_CTGR_NM	MID_CTGR_CD	MID_CTGR_NM	MIN_CTGR_CD	MIN_CTGR_NM	PM_EMPY_CD	PM_EMPY_NM	INV_COST_PR	INV_COST_AMT	UPDATE_ON	MAKR_ID	MAKR_NM	CUST_T2_NM	PURC_ORD_EMPY_CD	PURC_ORD_EMPY_NM	USD_PURC_PR	UPD_DTM
1	Y	N	MP202301150220	Logitech Compute Mount	952-000097	GD202206230027	GD	GD	상품	0	0	양품	MW20000001	대원위탁창고	24	0	24	MC00000003	Logitech VC	MC00000016	Option	MC00000064	Mount			121003.2	2904076.8	2025-01-24T16:04:31.503	100042	Logitech				86.4	2025-01-24T16:04:31.5
2	Y	N	MP202501230029	Logitech Compute Mount	952-000097	GD202206230027	GD	GD	상품	0	0	양품	MW20000001	대원위탁창고	4	0	4	MC00000003	Logitech VC	MC00000016	Option	MC00000064	Mount			125781.12	503124.48	2025-06-23T17:55:00.917	100042	Logitech	BASE	ME00000020	김민회	86.4	2025-01-24T09:52:57
3	Y	N	MP202504230043	Logitech Compute Mount	952-000097	GD202206230027	GD	GD	상품	0	0	양품	MW20000001	대원위탁창고	53	0	53	MC00000003	Logitech VC	MC00000016	Option	MC00000064	Mount			120000.0	6360000.0	2025-10-01T17:38:28.02	100042	Logitech	재고이관	ME00000020	김민회	0.0	2025-05-02T09:12:49.693
4	Y	N	MP202508060020	Mic Pod Mount White	952-000020	GD202106070143	GD	GD	상품	0	0	양품	MW20000001	대원위탁창고	20	0	20	MC00000003	Logitech VC	MC00000016	Option	MC00000064	Mount			68856.48	1377129.6	2025-12-22T17:05:28.273	100042	Logitech	BASE	ME00000020	김민회	49.68	2025-08-13T17:40:50.42
5	N	N	MP202511120009	Mic Pod Mount White	952-000020	GD202106070143	GD	GD	상품	0	0	양품	MW20000001	대원위탁창고	40	0	40	MC00000003	Logitech VC	MC00000016	Option	MC00000064	Mount			72458.28	2898331.2	2025-11-18T14:01:07.733	100042	Logitech	BASE	ME00000020	김민회	49.68	2025-11-18T14:01:07.73
6	N	N	MP202509180023	Mic Pod Mount White	952-000020	GD202106070143	GD	GD	상품	0	0	양품	MW20000001	대원위탁창고	14	0	14	MC00000003	Logitech VC	MC00000016	Option	MC00000064	Mount			69234.05	969276.7	2025-12-01T12:50:01.333	100042	Logitech	BASE	ME00000020	김민회	49.68	2025-09-24T14:51:35.183
7	N	N	MP202512010035	Mic Pod Pendant Mount	952-000123	GD202212190048	GD	GD	상품	0	0	양품	MW20000001	대원위탁창고	32	0	32	MC00000003	Logitech VC	MC00000016	Option	MC00000064	Mount			123135.6	3940339.2	2025-12-02T16:26:46.963	100042	Logitech	BASE	ME00000020	김민회	84.0	2025-12-02T16:26:46.963
8	N	N	MP202512170004	Rally Mic Pod Mount	952-000002	GD202101150011	GD	GD	상품	0	0	양품	MW20000001	대원위탁창고	40	0	40	MC00000003	Logitech VC	MC00000016	Option	MC00000064	Mount			73148.83	2925953.2	2025-12-18T16:32:33.397	100042	Logitech	BASE	ME00000020	김민회	49.68	2025-12-18T16:32:33.397
9	N	N	MP202511120007	Rally Mic Pod Mount	952-000002	GD202101150011	GD	GD	상품	0	0	양품	MW20000001	대원위탁창고	80	0	80	MC00000003	Logitech VC	MC00000016	Option	MC00000064	Mount			72458.28	5796662.4	2025-11-18T14:01:07.757	100042	Logitech	BASE	ME00000020	김민회	49.68	2025-11-18T14:01:07.753
10	Y	N	MP202502030020	Rally Mic Pod Mount	952-000002	GD202101150011	GD	GD	상품	0	0	양품	MW20000001	대원위탁창고	1	1	0	MC00000003	Logitech VC	MC00000016	Option	MC00000064	Mount			72036.0	72036.0	2025-12-19T11:35:01.543	100042	Logitech	BASE	ME00000020	김민회	49.68	2025-02-11T15:50:24.947
11	N	N	MP202509180022	Rally Mic Pod Mount	952-000002	GD202101150011	GD	GD	상품	0	0	양품	MW20000001	대원위탁창고	76	0	76	MC00000003	Logitech VC	MC00000016	Option	MC00000064	Mount			69234.05	5261787.8	2025-12-19T15:45:01.913	100042	Logitech	BASE	ME00000020	김민회	49.68	2025-09-24T14:51:35.227
12	N	N	MP202509180015	Rally Mounting Kit	939-001644	GD202101150009	GD	GD	상품	0	0	양품	MW20000001	대원위탁창고	30	0	30	MC00000003	Logitech VC	MC00000016	Option	MC00000064	Mount			149505.41	4485162.3	2025-11-04T11:50:02.057	100042	Logitech	BASE	ME00000020	김민회	107.28	2025-09-24T14:51:35.45
13	N	N	MP202511120002	Rally Mounting Kit	939-001644	GD202101150009	GD	GD	상품	0	0	양품	MW20000001	대원위탁창고	80	0	80	MC00000003	Logitech VC	MC00000016	Option	MC00000064	Mount			156467.88	12517430.4	2025-11-18T14:01:07.867	100042	Logitech	BASE	ME00000020	김민회	107.28	2025-11-18T14:01:07.863
14	Y	N	MP202508060014	Rally Mounting Kit	939-001644	GD202101150009	GD	GD	상품	0	0	양품	MW20000001	대원위탁창고	63	0	63	MC00000003	Logitech VC	MC00000016	Option	MC00000064	Mount			148690.08	9367475.04	2025-11-15T14:05:02.21	100042	Logitech	BASE	ME00000020	김민회	107.28	2025-08-13T17:40:50.513
15	Y	N	MP202507160006	Rally Mounting Kit	939-001644	GD202101150009	GD	GD	상품	0	0	양품	MW10000001	대여데모가상창고	1	0	1	MC00000003	Logitech VC	MC00000016	Option	MC00000064	Mount			147295.44	147295.44	2025-11-06T18:20:01.38	100042	Logitech	BASE	ME00000020	김민회	107.28	2025-07-16T11:03:40.66
16	Y	N	MP202507160006	Rally Mounting Kit	939-001644	GD202101150009	GD	GD	상품	0	0	양품	MW20000001	대원위탁창고	3	0	3	MC00000003	Logitech VC	MC00000016	Option	MC00000064	Mount			147295.44	441886.32	2025-12-19T15:45:01.913	100042	Logitech	BASE	ME00000020	김민회	107.28	2025-07-16T11:03:40.66
17	Y	N	MP202504230050	Scribe Glass Mount	952-000120	GD202212190047	GD	GD	상품	0	0	양품	MW20000001	대원위탁창고	41	0	41	MC00000003	Logitech VC	MC00000016	Option	MC00000064	Mount			58000.0	2378000.0	2025-09-16T11:35:01.363	100042	Logitech	재고이관	ME00000020	김민회	0.0	2025-05-02T09:12:49.62
18	Y	N	MP202504230049	Scribe Polarizer	952-000116	GD202212190046	GD	GD	상품	0	0	양품	MW20000001	대원위탁창고	48	0	48	MC00000003	Logitech VC	MC00000016	Option	MC00000064	Mount			205000.0	9840000.0	2025-09-16T11:35:01.363	100042	Logitech	재고이관	ME00000020	김민회	0.0	2025-05-02T09:12:49.637
19	Y	N	MP202508060023	Tap Riser Mount	952-000080	GD202203220038	GD	GD	상품	0	0	양품	MW00000001	본사임시창고	4	0	4	MC00000003	Logitech VC	MC00000016	Option	MC00000064	Mount			249466.14	997864.56	2025-11-21T11:17:18.277	100042	Logitech	BASE	ME00000020	김민회	179.99	2025-08-13T17:40:50.363
20	Y	N	MP202508060023	Tap Riser Mount	952-000080	GD202203220038	GD	GD	상품	0	0	양품	MW20000001	대원위탁창고	5	0	5	MC00000003	Logitech VC	MC00000016	Option	MC00000064	Mount			249466.14	1247330.7	2025-12-16T15:00:01.307	100042	Logitech	BASE	ME00000020	김민회	179.99	2025-08-13T17:40:50.363
21	N	N	MP202511120013	Tap Riser Mount	952-000080	GD202203220038	GD	GD	상품	0	0	양품	MW20000001	대원위탁창고	24	0	24	MC00000003	Logitech VC	MC00000016	Option	MC00000064	Mount			262515.41	6300369.84	2025-11-18T14:01:07.643	100042	Logitech	BASE	ME00000020	김민회	179.99	2025-11-18T14:01:07.643
22	N	N	MP202509180027	Tap Riser Mount	952-000080	GD202203220038	GD	GD	상품	0	0	양품	MW20000001	대원위탁창고	16	0	16	MC00000003	Logitech VC	MC00000016	Option	MC00000064	Mount			250834.06	4013344.96	2025-09-24T14:51:35.063	100042	Logitech	BASE	ME00000020	김민회	179.99	2025-09-24T14:51:35.063
23	Y	N	MP202504230070	Tap Scheduler Angle Mount (White)	952-000127	GD202504220660	GD	GD	상품	0	0	양품	MW20000001	대원위탁창고	40	0	40	MC00000003	Logitech VC	MC00000016	Option	MC00000064	Mount			108000.0	4320000.0	2025-05-14T10:27:20.447	100042	Logitech	재고이관	ME00000020	김민회	0.0	2025-05-02T09:12:49.327
24	N	N	MP202512170006	Tap Scheduler Angle Mount-Graphite	952-000126	GD202212190049	GD	GD	상품	0	0	양품	MW20000001	대원위탁창고	12	0	12	MC00000003	Logitech VC	MC00000016	Option	MC00000064	Mount			111902.4	1342828.8	2025-12-18T16:32:33.36	100042	Logitech	BASE	ME00000020	김민회	76.0	2025-12-18T16:32:33.36
25	Y	N	MP202508060026	Tap Scheduler Angle Mount-Graphite	952-000126	GD202212190049	GD	GD	상품	0	0	양품	MW20000001	대원위탁창고	40	0	40	MC00000003	Logitech VC	MC00000016	Option	MC00000064	Mount			105336.0	4213440.0	2025-08-13T17:40:50.31	100042	Logitech	BASE	ME00000020	김민회	76.0	2025-08-13T17:40:50.31
26	Y	N	MP202501230030	Tap Scheduler Angle Mount-Graphite	952-000126	GD202212190049	GD	GD	상품	0	0	양품	MW20000001	대원위탁창고	7	0	7	MC00000003	Logitech VC	MC00000016	Option	MC00000064	Mount			110640.8	774485.6	2025-11-07T17:15:01.52	100042	Logitech	BASE	ME00000020	김민회	76.0	2025-01-24T09:52:57
27	Y	N	MP202508060017	Tap Table Mount	939-001811	GD202109270172	GD	GD	상품	0	0	양품	MW20000001	대원위탁창고	11	0	11	MC00000003	Logitech VC	MC00000016	Option	MC00000064	Mount			249466.14	2744127.54	2025-11-04T11:50:02.057	100042	Logitech	BASE	ME00000020	김민회	179.99	2025-08-13T17:40:50.457
28	Y	N	MP202505150004	Tap Table Mount	939-001811	GD202109270172	GD	GD	상품	0	0	양품	MW20000001	대원위탁창고	20	0	20	MC00000003	Logitech VC	MC00000016	Option	MC00000064	Mount			254829.84	5096596.8	2025-05-16T16:21:09.56	100042	Logitech	BASE	ME00000020	김민회	179.99	2025-05-16T16:21:09.557
29	Y	N	MP202504230029	Tap Table Mount	939-001811	GD202109270172	GD	GD	상품	0	0	양품	MW20000001	대원위탁창고	30	0	30	MC00000003	Logitech VC	MC00000016	Option	MC00000064	Mount			254000.0	7620000.0	2025-07-07T09:25:01.707	100042	Logitech	재고이관	ME00000020	김민회	0.0	2025-05-02T09:12:49.877
30	N	N	MP202512050024	Tap Wall Mount	939-001817	GD202101180150	GD	GD	상품	0	0	양품	MW20000001	대원위탁창고	12	0	12	MC00000003	Logitech VC	MC00000016	Option	MC00000064	Mount			264855.285	3178263.42	2025-12-05T16:55:15.137	100042	Logitech	BASE	ME00000020	김민회	179.99	2025-12-05T16:55:15.133
31	N	N	MP202511120005	Tap Wall Mount	939-001817	GD202101180150	GD	GD	상품	0	0	양품	MW20000001	대원위탁창고	7	0	7	MC00000003	Logitech VC	MC00000016	Option	MC00000064	Mount			262515.41	1837607.87	2025-11-19T08:00:02.963	100042	Logitech	BASE	ME00000020	김민회	179.99	2025-11-18T14:01:07.797
32	N	N	MP202511120001	TV Mount for MeetUp	939-001498	GD202010230039	GD	GD	상품	0	0	양품	MW20000001	대원위탁창고	84	0	84	MC00000003	Logitech VC	MC00000016	Option	MC00000064	Mount			90718.7	7620370.8	2025-11-18T14:01:07.89	100042	Logitech	BASE	ME00000020	김민회	62.2	2025-11-18T14:01:07.887
33	Y	N	MP202504230007	TV Mount for MeetUp	939-001498	GD202010230039	GD	GD	상품	0	0	양품	MW20000001	대원위탁창고	10	0	10	MC00000003	Logitech VC	MC00000016	Option	MC00000064	Mount			89000.0	890000.0	2025-12-23T10:50:10.617	100042	Logitech	재고이관	ME00000020	김민회	0.0	2025-04-29T17:46:43.207
34	Y	N	MP202507030005	TV Mount for MeetUp	939-001498	GD202010230039	GD	GD	상품	0	0	양품	MW20000001	대원위탁창고	40	0	40	MC00000003	Logitech VC	MC00000016	Option	MC00000064	Mount			84554.68	3382187.2	2025-08-21T08:00:02.04	100042	Logitech	BASE	ME00000020	김민회	62.2	2025-07-04T14:22:12.1
35	N	N	MP202509180014	TV Mount for MeetUp	939-001498	GD202010230039	GD	GD	상품	0	0	양품	MW20000001	대원위탁창고	18	0	18	MC00000003	Logitech VC	MC00000016	Option	MC00000064	Mount			86681.92	1560274.56	2025-09-24T14:51:35.493	100042	Logitech	BASE	ME00000020	김민회	62.2	2025-09-24T14:51:35.493
36	N	N	MP202509180025	TV Mount for Video Bars	952-000041	GD202106070144	GD	GD	상품	0	0	양품	MW20000001	대원위탁창고	105	0	105	MC00000003	Logitech VC	MC00000016	Option	MC00000064	Mount			153296.0	16096080.0	2025-12-23T10:50:10.617	100042	Logitech	BASE	ME00000020	김민회	110.0	2025-09-24T14:51:35.143
37	Y	N	MP202507160012	TV Mount for Video Bars	952-000041	GD202106070144	GD	GD	상품	0	0	양품	MW10000001	대여데모가상창고	1	0	1	MC00000003	Logitech VC	MC00000016	Option	MC00000064	Mount			151030.0	151030.0	2025-10-21T09:30:01.77	100042	Logitech	BASE	ME00000020	김민회	110.0	2025-07-16T11:03:40.66
38	Y	N	MP202507160012	TV Mount for Video Bars	952-000041	GD202106070144	GD	GD	상품	0	0	양품	MW20000001	대원위탁창고	1	0	1	MC00000003	Logitech VC	MC00000016	Option	MC00000064	Mount			151030.0	151030.0	2025-12-23T13:40:05.813	100042	Logitech	BASE	ME00000020	김민회	110.0	2025-07-16T11:03:40.66
39	N	N	MP202511120010	TV Mount for Video Bars	952-000041	GD202106070144	GD	GD	상품	0	0	양품	MW20000001	대원위탁창고	80	0	80	MC00000003	Logitech VC	MC00000016	Option	MC00000064	Mount			160435.0	12834800.0	2025-11-18T14:01:07.71	100042	Logitech	BASE	ME00000020	김민회	110.0	2025-11-18T14:01:07.71
40	Y	N	MP202503110007	TV Mount for Video Bars	952-000041	GD202106070144	GD	GD	상품	0	0	양품	MW10000001	대여데모가상창고	1	0	1	MC00000003	Logitech VC	MC00000016	Option	MC00000064	Mount			159093.0	159093.0	2025-06-09T11:25:00.95	100042	Logitech	BASE	ME00000020	김민회	110.0	2025-03-12T16:54:37.353
41	N	N	MP202511120004	TV Mount XL for MeetUp	939-001656	GD202010230040	GD	GD	상품	0	0	양품	MW20000001	대원위탁창고	240	0	240	MC00000003	Logitech VC	MC00000016	Option	MC00000064	Mount			135465.48	32511715.2	2025-11-18T14:01:07.82	100042	Logitech	BASE	ME00000020	김민회	92.88	2025-11-18T14:01:07.82
42	Y	N	MP202508060016	TV Mount XL for MeetUp	939-001656	GD202010230040	GD	GD	상품	0	0	양품	MW20000001	대원위탁창고	82	0	82	MC00000003	Logitech VC	MC00000016	Option	MC00000064	Mount			128731.68	10555997.76	2025-12-23T13:40:05.813	100042	Logitech	BASE	ME00000020	김민회	92.88	2025-08-13T17:40:50.477
43	Y	N	MP202504230008	TV Mount XL for MeetUp	939-001656	GD202010230040	GD	GD	상품	0	0	양품	MW00000001	본사임시창고	1	0	1	MC00000003	Logitech VC	MC00000016	Option	MC00000064	Mount			143000.0	143000.0	2025-07-31T11:04:36.493	100042	Logitech	재고이관	ME00000020	김민회	0.0	2025-04-29T17:46:43.19
44	N	N	MP202509180017	TV Mount XL for MeetUp	939-001656	GD202010230040	GD	GD	상품	0	0	양품	MW20000001	대원위탁창고	65	0	65	MC00000003	Logitech VC	MC00000016	Option	MC00000064	Mount			129437.57	8413442.05	2025-11-26T17:40:01.227	100042	Logitech	BASE	ME00000020	김민회	92.88	2025-09-24T14:51:35.39
45	N	N	MP202510240007	Wall Mount for Extension Kit	952-000223	GD202511070139	GD	GD	상품	0	0	양품	MW20000001	대원위탁창고	6	2	4	MC00000003	Logitech VC	MC00000016	Option	MC00000064	Mount			112859.48	677156.88	2025-11-12T17:20:57.503	100042	Logitech	BASE	ME00000020	김민회	77.62	2025-11-12T17:20:57.503
46	Y	N	MP202501230025	Wall Mount for Video Bars	952-000044	GD202106070145	GD	GD	상품	0	0	양품	MW20000001	대원위탁창고	3	3	0	MC00000003	Logitech VC	MC00000016	Option	MC00000064	Mount			72790.0	218370.0	2025-12-15T16:29:32.75	100042	Logitech	BASE	ME00000020	김민회	50.0	2025-01-24T09:52:57
47	N	N	MP202512010031	Wall Mount for Video Bars	952-000044	GD202106070145	GD	GD	상품	0	0	양품	MW20000001	대원위탁창고	10	7	3	MC00000003	Logitech VC	MC00000016	Option	MC00000064	Mount			73295.0	732950.0	2025-12-23T09:25:05.647	100042	Logitech	BASE	ME00000020	김민회	50.0	2025-12-02T16:26:47.053
48	N	N	MP202512010036	Wall Mount for Video Bars	952-000044	GD202106070145	GD	GD	상품	0	0	양품	MW20000001	대원위탁창고	20	0	20	MC00000003	Logitech VC	MC00000016	Option	MC00000064	Mount			73295.0	1465900.0	2025-12-02T16:26:46.943	100042	Logitech	BASE	ME00000020	김민회	50.0	2025-12-02T16:26:46.943
49	Y	N	MP202505190038	Wall Mount for Video Bars	952-000044	GD202106070145	GD	GD	상품	0	0	양품	MW20000001	대원위탁창고	3	2	1	MC00000003	Logitech VC	MC00000016	Option	MC00000064	Mount			68250.0	204750.0	2025-11-24T18:55:02.33	100042	Logitech	BASE	ME00000020	김민회	50.0	2025-05-29T09:56:13.877
50	Y	N	MP202504230016	Rally Display Hub	993-001951	GD202104230055	GD	GD	상품	0	0	양품	MW20000001	대원위탁창고	18	0	18	MC00000003	Logitech VC	MC00000016	Option	MC00000066	HUB			643000.0	11574000.0	2025-05-14T10:27:21.523	100042	Logitech	재고이관	ME00000020	김민회	0.0	2025-05-02T09:12:50.11
51	Y	N	MP202302010009	Rally Display Hub	993-001951	GD202104230055	GD	GD	상품	0	0	양품	MW20000001	대원위탁창고	1	0	1	MC00000003	Logitech VC	MC00000016	Option	MC00000066	HUB			590465.45	590465.45	2025-11-27T14:20:01.617	100042	Logitech	BASE	ME00000019	차재호	431.28	2024-11-07T15:29:56.853
52	Y	N	MP202302010009	Rally Display Hub	993-001951	GD202104230055	GD	GD	상품	1	1	불량	MW00000001	본사임시창고	1	0	1	MC00000003	Logitech VC	MC00000016	Option	MC00000066	HUB			590465.45	590465.45	2025-02-17T17:10:31.327	100042	Logitech	BASE	ME00000019	차재호	431.28	2024-11-07T15:29:56.853
53	Y	N	MP202502030016	Rally Pod Hub, Graphite	939-001647	GD202101150010	GD	GD	상품	0	0	양품	MW20000001	대원위탁창고	5	0	5	MC00000003	Logitech VC	MC00000016	Option	MC00000066	HUB			207755.82	1038779.1	2025-12-23T10:50:10.617	100042	Logitech	BASE	ME00000020	김민회	215.99	2025-02-17T09:21:17.32
54	N	N	MP202511120003	Rally Pod Hub, Graphite	939-001647	GD202101150010	GD	GD	상품	0	0	양품	MW20000001	대원위탁창고	64	0	64	MC00000003	Logitech VC	MC00000016	Option	MC00000066	HUB			208973.88	13374328.32	2025-12-10T12:05:01.83	100042	Logitech	BASE	ME00000020	김민회	143.28	2025-11-18T14:01:07.84
55	Y	N	MP202507220007	Rally Pod Hub, Graphite	939-001647	GD202101150010	GD	GD	상품	0	0	양품	MW20000001	대원위탁창고	39	0	39	MC00000003	Logitech VC	MC00000016	Option	MC00000066	HUB			198629.06	7746533.34	2025-12-16T18:05:27.673	100042	Logitech	BASE	ME00000020	김민회	143.28	2025-07-24T14:10:30.383
56	Y	N	MP202506180002	Rally Pod Hub, Graphite	939-001647	GD202101150010	GD	GD	상품	1	1	불량	MW00000001	본사임시창고	2	0	2	MC00000003	Logitech VC	MC00000016	Option	MC00000066	HUB			194989.75	389979.5	2025-08-13T15:44:38.797	100042	Logitech	BASE	ME00000020	김민회	143.28	2025-06-27T14:39:16.207
57	N	N	MP202512190011	Rally Table Hub	993-001952	GD202104230056	GD	GD	상품	0	0	양품	MW20000001	대원위탁창고	8	0	8	MC00000003	Logitech VC	MC00000016	Option	MC00000066	HUB			637086.816	5096694.528	2025-12-23T09:47:58.337	100042	Logitech	BASE	ME00000020	김민회	431.28	2025-12-23T09:47:58.333
58	N	N	MP202512170001	Rally Table Hub	993-001952	GD202104230056	GD	GD	상품	0	0	양품	MW20000001	대원위탁창고	21	0	21	MC00000003	Logitech VC	MC00000016	Option	MC00000066	HUB			635016.67	13335350.07	2025-12-22T11:55:05.41	100042	Logitech	BASE	ME00000020	김민회	431.28	2025-12-18T16:32:33.433
59	N	N	MP202512170001	Rally Table Hub	993-001952	GD202104230056	GD	GD	상품	1	1	불량	MW00000001	본사임시창고	1	0	1	MC00000003	Logitech VC	MC00000016	Option	MC00000066	HUB			635016.67	635016.67	2025-12-19T16:39:26	100042	Logitech	BASE	ME00000020	김민회	431.28	2025-12-18T16:32:33.433
60	Y	N	MP202501230014	Rally Table Hub	993-001952	GD202104230056	GD	GD	상품	1	1	불량	MW00000001	본사임시창고	2	0	2	MC00000003	Logitech VC	MC00000016	Option	MC00000066	HUB			633981.6	1267963.2	2025-02-17T17:10:31.343	100042	Logitech	BASE	ME00000020	김민회	431.28	2025-01-24T09:52:57.03
61	Y	N	MP202509010025	Rally Table Hub	993-001952	GD202104230056	GD	GD	상품	1	1	불량	MW00000001	본사임시창고	1	0	1	MC00000003	Logitech VC	MC00000016	Option	MC00000066	HUB			598487.26	598487.26	2025-09-04T11:41:56.013	100042	Logitech	BASE	ME00000020	김민회	431.28	2025-09-03T09:18:01.83
62	N	N	MP202509180031	5m USB Alt Model Cable Accessory for Meetup 2	952-000195	GD202501030123	GD	GD	상품	0	0	양품	MW20000001	대원위탁창고	24	0	24	MC00000003	Logitech VC	MC00000016	Option	MC00000067	Cable			157100.53	3770412.72	2025-09-24T14:51:34.943	100042	Logitech	BASE	ME00000020	김민회	112.73	2025-09-24T14:51:34.943
63	N	N	MP202511120015	5m USB Alt Model Cable Accessory for Meetup 2	952-000195	GD202501030123	GD	GD	상품	0	0	양품	MW20000001	대원위탁창고	60	0	60	MC00000003	Logitech VC	MC00000016	Option	MC00000067	Cable			164416.7	9865002.0	2025-11-18T14:01:07.603	100042	Logitech	BASE	ME00000020	김민회	112.73	2025-11-18T14:01:07.6
64	Y	N	MP202505150008	5m USB Alt Model Cable Accessory for Meetup 2	952-000195	GD202501030123	GD	GD	상품	0	0	양품	MW10000001	대여데모가상창고	1	0	1	MC00000003	Logitech VC	MC00000016	Option	MC00000067	Cable			159603.13	159603.13	2025-10-21T09:30:01.767	100042	Logitech	BASE	ME00000020	김민회	112.73	2025-05-16T16:21:09.557
65	Y	N	MP202507160017	5m USB Alt Model Cable Accessory for Meetup 2	952-000195	GD202501030123	GD	GD	상품	0	0	양품	MW20000001	대원위탁창고	72	0	72	MC00000003	Logitech VC	MC00000016	Option	MC00000067	Cable			154778.29	11144036.88	2025-07-16T11:03:40.663	100042	Logitech	BASE	ME00000020	김민회	112.73	2025-07-16T11:03:40.66
66	Y	N	MP202505190041	5m USB Alt Model Cable Accessory for Meetup 2	952-000195	GD202501030123	GD	GD	상품	1	1	불량	MW00000001	본사임시창고	2	0	2	MC00000003	Logitech VC	MC00000016	Option	MC00000067	Cable			153876.45	307752.9	2025-06-13T10:47:04.383	100042	Logitech	BASE	ME00000020	김민회	112.73	2025-05-29T09:56:13.82
67	Y	N	MP202504030011	5m USB Alt Model Cable Accessory for Meetup 2	952-000195	GD202501030123	GD	GD	상품	1	1	불량	MW00000001	본사임시창고	1	0	1	MC00000003	Logitech VC	MC00000016	Option	MC00000067	Cable			165374.91	165374.91	2025-06-05T11:53:47.443	100042	Logitech	BASE	ME00000020	김민회	112.73	2025-04-09T10:37:19.74
68	Y	N	MP202502030027	5m USB Alt Model Cable Accessory for Meetup 2	952-000195	GD202501030123	GD	GD	상품	1	1	불량	MW00000001	본사임시창고	2	0	2	MC00000003	Logitech VC	MC00000016	Option	MC00000067	Cable			163458.5	326917.0	2025-03-10T12:50:29.68	100042	Logitech	BASE	ME00000020	김민회	112.73	2025-02-11T15:50:24.947
69	Y	N	MP202304060002	Group 10M MINI-DIN CABLE	939-001487	GD202104230059	GD	GD	상품	0	0	양품	MW20000001	대원위탁창고	26	0	26	MC00000003	Logitech VC	MC00000016	Option	MC00000067	Cable			105474.38	2742333.88	2025-11-06T08:00:04.8	100042	Logitech	BASE	ME00000019	차재호	77.75	2024-11-27T11:20:10.643
70	Y	N	MP202505190031	Group 10M MINI-DIN CABLE	939-001487	GD202104230059	GD	GD	상품	0	0	양품	MW20000001	대원위탁창고	5	0	5	MC00000003	Logitech VC	MC00000016	Option	MC00000067	Cable			106128.75	530643.75	2025-12-03T16:20:02.187	100042	Logitech	BASE	ME00000020	김민회	77.75	2025-05-29T09:56:14
71	Y	N	MP202508060011	Group 10M MINI-DIN CABLE	939-001487	GD202104230059	GD	GD	상품	0	0	양품	MW20000001	대원위탁창고	9	0	9	MC00000003	Logitech VC	MC00000016	Option	MC00000067	Cable			107761.5	969853.5	2025-08-13T17:40:50.567	100042	Logitech	BASE	ME00000020	김민회	77.75	2025-08-13T17:40:50.567
72	N	N	MP202509180013	Group 10M MINI-DIN CABLE	939-001487	GD202104230059	GD	GD	상품	0	0	양품	MW20000001	대원위탁창고	9	0	9	MC00000003	Logitech VC	MC00000016	Option	MC00000067	Cable			108352.4	975171.6	2025-09-24T14:51:35.513	100042	Logitech	BASE	ME00000020	김민회	77.75	2025-09-24T14:51:35.513
73	Y	N	MP202508060012	Group 15M Extender Cable	939-001490	GD202205310014	GD	GD	상품	0	0	양품	MW20000001	대원위탁창고	12	0	12	MC00000003	Logitech VC	MC00000016	Option	MC00000067	Cable			215536.86	2586442.32	2025-09-25T10:59:55.41	100042	Logitech	BASE	ME00000020	김민회	155.51	2025-08-13T17:40:50.55
74	Y	N	MP202507160005	Group 15M Extender Cable	939-001490	GD202205310014	GD	GD	상품	0	0	양품	MW20000001	대원위탁창고	13	0	13	MC00000003	Logitech VC	MC00000016	Option	MC00000067	Cable			213515.23	2775697.99	2025-12-23T09:25:05.647	100042	Logitech	BASE	ME00000020	김민회	155.51	2025-07-16T11:03:40.66
75	N	N	MP202512010034	Group 15M Extender Cable	939-001490	GD202205310014	GD	GD	상품	0	0	양품	MW20000001	대원위탁창고	36	0	36	MC00000003	Logitech VC	MC00000016	Option	MC00000067	Cable			227962.11	8206635.96	2025-12-02T16:26:46.98	100042	Logitech	BASE	ME00000020	김민회	155.51	2025-12-02T16:26:46.98
76	N	N	MP202512170007	Logitech Extend Cable	952-000198	GD202412030087	GD	GD	상품	0	0	양품	MW20000001	대원위탁창고	23	0	23	MC00000003	Logitech VC	MC00000016	Option	MC00000067	Cable			925344.5	21282923.5	2025-12-22T14:15:05.847	100042	Logitech	BASE	ME00000020	김민회	628.46	2025-12-18T16:23:00.45
77	Y	N	MP202507220009	Logitech Extend Cable	952-000198	GD202412030087	GD	GD	상품	0	0	양품	MW10000001	대여데모가상창고	4	0	4	MC00000003	Logitech VC	MC00000016	Option	MC00000067	Cable			871234.1	3484936.4	2025-10-17T10:25:01.263	100042	Logitech	BASE	ME00000020	김민회	628.46	2025-07-24T14:10:30.383
78	Y	N	MP202502030028	Logitech Extend Cable	952-000198	GD202412030087	GD	GD	상품	0	0	양품	MW00000001	본사임시창고	15	0	15	MC00000003	Logitech VC	MC00000016	Option	MC00000067	Cable			911267.0	13669005.0	2025-06-17T14:03:15.89	100042	Logitech	BASE	ME00000020	김민회	628.46	2025-02-11T15:50:24.947
79	Y	N	MP202501230032	Logitech Extend Cable	952-000198	GD202412030087	GD	GD	상품	0	0	양품	MW00000001	본사임시창고	31	0	31	MC00000003	Logitech VC	MC00000016	Option	MC00000067	Cable			914912.07	28362274.17	2025-06-17T14:03:15.89	100042	Logitech	BASE	ME00000020	김민회	628.46	2025-01-24T09:52:57
80	Y	N	MP202507220009	Logitech Extend Cable	952-000198	GD202412030087	GD	GD	상품	1	1	불량	MW00000001	본사임시창고	1	0	1	MC00000003	Logitech VC	MC00000016	Option	MC00000067	Cable			871234.1	871234.1	2025-07-29T14:13:05.103	100042	Logitech	BASE	ME00000020	김민회	628.46	2025-07-24T14:10:30.383
81	Y	N	MP202508060018	Meetup 10m Mic Cable,Graphite	950-000005	GD202207200058	GD	GD	상품	0	0	양품	MW20000001	대원위탁창고	40	0	40	MC00000003	Logitech VC	MC00000016	Option	MC00000067	Cable			99778.14	3991125.6	2025-08-13T17:40:50.437	100042	Logitech	BASE	ME00000020	김민회	71.99	2025-08-13T17:40:50.437
82	N	N	MP202511120006	Meetup 10m Mic Cable,Graphite	950-000005	GD202207200058	GD	GD	상품	0	0	양품	MW20000001	대원위탁창고	80	0	80	MC00000003	Logitech VC	MC00000016	Option	MC00000067	Cable			104997.41	8399792.8	2025-11-18T14:01:07.777	100042	Logitech	BASE	ME00000020	김민회	71.99	2025-11-18T14:01:07.777
83	N	N	MP202509180021	Meetup 10m Mic Cable,Graphite	950-000005	GD202207200058	GD	GD	상품	0	0	양품	MW20000001	대원위탁창고	20	0	20	MC00000003	Logitech VC	MC00000016	Option	MC00000067	Cable			100325.26	2006505.2	2025-09-24T14:51:35.247	100042	Logitech	BASE	ME00000020	김민회	71.99	2025-09-24T14:51:35.247
84	Y	N	MP202301150276	Rally Camera Power Splitter	993-001903	GD202104230057	GD	GD	상품	0	0	양품	MW10000001	대여데모가상창고	1	0	1	MC00000003	Logitech VC	MC00000016	Option	MC00000067	Cable			39932.0	39932.0	2023-03-13T14:04:52.997	100042	Logitech	BASE	ME00000019	차재호	0.0	1900-01-01T00:00:00
85	Y	N	MP202504230018	Rally Camera Power Splitter	993-001903	GD202104230057	GD	GD	상품	0	0	양품	MW20000001	대원위탁창고	37	0	37	MC00000003	Logitech VC	MC00000016	Option	MC00000067	Cable			50000.0	1850000.0	2025-12-22T18:55:05.51	100042	Logitech	재고이관	ME00000020	김민회	0.0	2025-05-02T09:12:50.077
86	N	N	MP202511070013	Rally Mic Pod Cat Coupler	952-000181	GD202402160170	GD	GD	상품	0	0	양품	MW20000001	대원위탁창고	89	0	89	MC00000003	Logitech VC	MC00000016	Option	MC00000067	Cable			98763.392	8789941.888	2025-12-01T12:50:01.333	100042	Logitech	BASE	ME00000020	김민회	68.32	2025-11-11T10:21:50.967
87	N	N	MP202511120011	Rally Mic Pod Extension Cable EU/AP White	952-000047	GD202106070146	GD	GD	상품	0	0	양품	MW20000001	대원위탁창고	80	0	80	MC00000003	Logitech VC	MC00000016	Option	MC00000067	Cable			175020.0	14001600.0	2025-11-18T14:01:07.687	100042	Logitech	BASE	ME00000020	김민회	120.0	2025-11-18T14:01:07.687
88	Y	N	MP202507160013	Rally Mic Pod Extension Cable EU/AP White	952-000047	GD202106070146	GD	GD	상품	0	0	양품	MW10000001	대여데모가상창고	2	0	2	MC00000003	Logitech VC	MC00000016	Option	MC00000067	Cable			164760.0	329520.0	2025-11-06T18:20:01.38	100042	Logitech	BASE	ME00000020	김민회	120.0	2025-07-16T11:03:40.66
89	Y	N	MP202507160013	Rally Mic Pod Extension Cable EU/AP White	952-000047	GD202106070146	GD	GD	상품	0	0	양품	MW20000001	대원위탁창고	108	0	108	MC00000003	Logitech VC	MC00000016	Option	MC00000067	Cable			164760.0	17794080.0	2025-12-23T10:50:10.617	100042	Logitech	BASE	ME00000020	김민회	120.0	2025-07-16T11:03:40.66
90	N	N	MP202509180026	Rally Mic Pod Extension Cable EU/AP White	952-000047	GD202106070146	GD	GD	상품	0	0	양품	MW20000001	대원위탁창고	100	0	100	MC00000003	Logitech VC	MC00000016	Option	MC00000067	Cable			167232.0	16723200.0	2025-11-15T14:05:02.21	100042	Logitech	BASE	ME00000020	김민회	120.0	2025-09-24T14:51:35.103
91	N	N	MP202512010030	Riachi - Cat5E Kit Graphite	952-000019	GD202108090052	GD	GD	상품	0	0	양품	MW20000001	대원위탁창고	36	0	36	MC00000003	Logitech VC	MC00000016	Option	MC00000067	Cable			363543.2	13087555.2	2025-12-02T16:26:47.07	100042	Logitech	BASE	ME00000020	김민회	248.0	2025-12-02T16:26:47.07
92	Y	N	MP202301150209	Riachi - Cat5E Kit Graphite	952-000019	GD202108090052	GD	GD	상품	0	0	양품	MW20000001	대원위탁창고	10	0	10	MC00000003	Logitech VC	MC00000016	Option	MC00000067	Cable			323293.0	3232930.0	2025-11-10T14:25:02.203	100042	Logitech	BASE	ME00000019	차재호	0.0	1900-01-01T00:00:00
93	N	N	MP202509180047	Spare parts; MeetUp USB Cable	993-001391	GD202502120831	GD	GD	상품	0	0	양품	MW20000001	대원위탁창고	11	0	11	MC00000003	Logitech VC	MC00000016	Option	MC00000067	Cable			25084.8	275932.8	2025-12-10T13:15:01.783	100042	Logitech	BASE	ME00000020	김민회	18.0	2025-09-24T14:51:34.543
94	Y	N	MP202502120009	Spare parts; USB-A to USB-C cable 2.2m	993-001574	GD202501030124	GD	GD	상품	0	0	양품	MW20000001	대원위탁창고	34	0	34	MC00000003	Logitech VC	MC00000016	Option	MC00000067	Cable			15697.8	533725.2	2025-07-09T10:05:01.757	100042	Logitech	BASE	ME00000020	김민회	10.8	2025-02-14T15:35:14.84
95	Y	N	MP202507160007	Strong USB 3.1 Cable - 10m	939-001799	GD202105280093	GD	GD	상품	0	0	양품	MW20000001	대원위탁창고	40	0	40	MC00000003	Logitech VC	MC00000016	Option	MC00000067	Cable			296554.27	11862170.8	2025-11-06T17:00:03.223	100042	Logitech	BASE	ME00000020	김민회	215.99	2025-07-16T11:03:40.66
96	Y	N	MP202506180003	Strong USB 3.1 Cable - 10m	939-001799	GD202105280093	GD	GD	상품	0	0	양품	MW20000001	대원위탁창고	70	0	70	MC00000003	Logitech VC	MC00000016	Option	MC00000067	Cable			293940.79	20575855.3	2025-12-23T10:50:10.617	100042	Logitech	BASE	ME00000020	김민회	215.99	2025-06-27T14:39:16.207
97	Y	N	MP202504210010	Strong USB 3.1 Cable - 10m	939-001799	GD202105280093	GD	GD	상품	0	0	양품	MW10000001	대여데모가상창고	1	0	1	MC00000003	Logitech VC	MC00000016	Option	MC00000067	Cable			307029.78	307029.78	2025-10-21T09:30:01.767	100042	Logitech	BASE	ME00000020	김민회	215.99	2025-04-23T14:42:35.38
98	N	N	MP202509180018	Strong USB 3.1 Cable - 10m	939-001799	GD202105280093	GD	GD	상품	0	0	양품	MW20000001	대원위탁창고	67	0	67	MC00000003	Logitech VC	MC00000016	Option	MC00000067	Cable			301003.66	20167245.22	2025-11-13T16:55:04.933	100042	Logitech	BASE	ME00000020	김민회	215.99	2025-09-24T14:51:35.35
99	Y	N	MP202504170004	Swytch Y Cable	952-000032	GD202504170123	GD	GD	상품	0	0	양품	MW20000001	대원위탁창고	15	0	15	MC00000003	Logitech VC	MC00000016	Option	MC00000067	Cable			79934.4	1199016.0	2025-09-09T12:05:01.64	100042	Logitech	BASE	ME00000020	김민회	56.0	2025-04-18T13:38:58.493
100	N	N	MP202512170003	Tap Graphite 25m	939-001802	GD202101180149	GD	GD	상품	0	0	양품	MW20000001	대원위탁창고	6	0	6	MC00000003	Logitech VC	MC00000016	Option	MC00000067	Cable			636062.08	3816372.48	2025-12-18T16:22:21.507	100042	Logitech	BASE	ME00000020	김민회	431.99	2025-12-18T16:22:21.507
101	Y	N	MP202501230020	Tap Graphite 25m	939-001802	GD202101180149	GD	GD	상품	0	0	양품	MW20000001	대원위탁창고	2	0	2	MC00000003	Logitech VC	MC00000016	Option	MC00000067	Cable			628891.04	1257782.08	2025-11-27T09:25:09.027	100042	Logitech	BASE	ME00000020	김민회	431.99	2025-01-24T09:52:57
102	N	N	MP202511120027	Expansion Mic for MeetUp	989-000405	GD202010230041	GD	GD	상품	0	0	양품	MW20000001	대원위탁창고	71	0	71	MC00000003	Logitech VC	MC00000016	Option	MC00000070	Mic			249491.01	17713861.71	2025-12-23T10:50:10.617	100042	Logitech	BASE	ME00000020	김민회	171.06	2025-11-18T14:01:07.353
103	N	N	MP202512010033	Group Expansion Mic	989-000171	GD202104230060	GD	GD	상품	0	0	양품	MW20000001	대원위탁창고	59	0	59	MC00000003	Logitech VC	MC00000016	Option	MC00000070	Mic			322967.09	19055058.31	2025-12-23T09:25:05.647	100042	Logitech	BASE	ME00000020	김민회	220.32	2025-12-02T16:26:47
104	Y	N	MP202302010012	Group Expansion Mic	989-000171	GD202104230060	GD	GD	상품	1	1	불량	MW00000001	본사임시창고	1	0	1	MC00000003	Logitech VC	MC00000016	Option	MC00000070	Mic			300626.24	300626.24	2025-03-10T12:50:29.637	100042	Logitech	BASE	ME00000019	차재호	220.32	2024-11-07T15:29:56.853
105	N	N	MP202511120017	Mic Pod Mount White	952-000220	GD202511120044	GD	GD	상품	0	0	양품	MW20000001	대원위탁창고	12	0	12	MC00000003	Logitech VC	MC00000016	Option	MC00000070	Mic			113208.77	1358505.24	2025-11-18T14:01:07.213	100042	Logitech	BASE	ME00000020	김민회	77.62	2025-11-18T14:01:07.213
106	N	N	MP202511120028	Rally Mic Pod Graphite	989-000430	GD202206020165	GD	GD	상품	0	0	양품	MW20000001	대원위탁창고	236	0	236	MC00000003	Logitech VC	MC00000016	Option	MC00000070	Mic			366491.88	86492083.68	2025-12-09T10:46:14.65	100042	Logitech	BASE	ME00000020	김민회	251.28	2025-11-18T14:01:07.32
107	Y	N	MP202504230040	Rally Mic Pod Graphite	989-000430	GD202206020165	GD	GD	상품	0	0	양품	MW10000001	대여데모가상창고	1	0	1	MC00000003	Logitech VC	MC00000016	Option	MC00000070	Mic			382000.0	382000.0	2025-06-09T11:25:00.95	100042	Logitech	재고이관	ME00000020	김민회	0.0	2025-04-30T11:36:15.993
108	Y	N	MP202507160029	Rally Mic Pod Graphite	989-000430	GD202206020165	GD	GD	상품	0	0	양품	MW10000001	대여데모가상창고	1	0	1	MC00000003	Logitech VC	MC00000016	Option	MC00000070	Mic			345007.44	345007.44	2025-10-21T09:30:01.77	100042	Logitech	BASE	ME00000020	김민회	251.28	2025-07-16T11:03:40.66
109	N	N	MP202509180045	Rally Mic Pod Graphite	989-000430	GD202206020165	GD	GD	상품	0	0	양품	MW10000001	대여데모가상창고	3	0	3	MC00000003	Logitech VC	MC00000016	Option	MC00000070	Mic			350183.81	1050551.43	2025-11-06T18:20:01.38	100042	Logitech	BASE	ME00000020	김민회	251.28	2025-09-24T14:51:34.607
110	N	N	MP202509180045	Rally Mic Pod Graphite	989-000430	GD202206020165	GD	GD	상품	0	0	양품	MW20000001	대원위탁창고	40	1	39	MC00000003	Logitech VC	MC00000016	Option	MC00000070	Mic			350183.81	14007352.4	2025-12-23T14:25:06.2	100042	Logitech	BASE	ME00000020	김민회	251.28	2025-09-24T14:51:34.607
111	N	N	MP202509180045	Rally Mic Pod Graphite	989-000430	GD202206020165	GD	GD	상품	1	1	불량	MW00000001	본사임시창고	1	0	1	MC00000003	Logitech VC	MC00000016	Option	MC00000070	Mic			350183.81	350183.81	2025-11-14T16:20:00.91	100042	Logitech	BASE	ME00000020	김민회	251.28	2025-09-24T14:51:34.607
112	Y	N	MP202507160029	Rally Mic Pod Graphite	989-000430	GD202206020165	GD	GD	상품	1	1	불량	MW00000001	본사임시창고	1	0	1	MC00000003	Logitech VC	MC00000016	Option	MC00000070	Mic			345007.44	345007.44	2025-09-04T11:41:55.993	100042	Logitech	BASE	ME00000020	김민회	251.28	2025-07-16T11:03:40.66
113	Y	N	MP202505190052	Rally Mic Pod Graphite	989-000430	GD202206020165	GD	GD	상품	1	1	불량	MW00000001	본사임시창고	1	0	1	MC00000003	Logitech VC	MC00000016	Option	MC00000070	Mic			342997.2	342997.2	2025-07-14T11:37:22.197	100042	Logitech	BASE	ME00000020	김민회	251.28	2025-05-29T09:56:13.627
114	N	N	MP202511120028	Rally Mic Pod Graphite	989-000430	GD202206020165	GD	GD	상품	1	1	불량	MW00000001	본사임시창고	4	0	4	MC00000003	Logitech VC	MC00000016	Option	MC00000070	Mic			366491.88	1465967.52	2025-12-09T09:56:26.9	100042	Logitech	BASE	ME00000020	김민회	251.28	2025-11-18T14:01:07.32
115	Y	N	MP202507160011	Rally Mic Pod White	952-000038	GD202105280096	GD	GD	상품	0	0	양품	MW20000001	대원위탁창고	20	0	20	MC00000003	Logitech VC	MC00000016	Option	MC00000070	Mic			345007.44	6900148.8	2025-12-23T10:50:10.617	100042	Logitech	BASE	ME00000020	김민회	251.28	2025-07-16T11:03:40.66
116	Y	N	MP202508060021	Rally Mic Pod White	952-000038	GD202105280096	GD	GD	상품	0	0	양품	MW20000001	대원위탁창고	10	0	10	MC00000003	Logitech VC	MC00000016	Option	MC00000070	Mic			348274.08	3482740.8	2025-10-01T17:38:28.02	100042	Logitech	BASE	ME00000020	김민회	251.28	2025-08-13T17:40:50.4
117	N	N	MP202509180024	Rally Mic Pod White	952-000038	GD202105280096	GD	GD	상품	0	0	양품	MW20000001	대원위탁창고	5	0	5	MC00000003	Logitech VC	MC00000016	Option	MC00000070	Mic			350183.81	1750919.05	2025-10-20T08:55:01.673	100042	Logitech	BASE	ME00000020	김민회	251.28	2025-09-24T14:51:35.163
118	N	N	MP202509180046	MeetUp Remote Control	993-001389	GD202504220655	GD	GD	상품	0	0	양품	MW20000001	대원위탁창고	50	0	50	MC00000003	Logitech VC	MC00000016	Option	MC00000071	Remote			40135.68	2006784.0	2025-09-24T14:51:34.563	100042	Logitech	BASE	ME00000020	김민회	28.8	2025-09-24T14:51:34.563
119	Y	N	MP202504230065	MeetUp Remote Control	993-001389	GD202504220655	GD	GD	상품	0	0	양품	MW20000001	대원위탁창고	24	0	24	MC00000003	Logitech VC	MC00000016	Option	MC00000071	Remote			40000.0	960000.0	2025-11-27T14:20:01.617	100042	Logitech	재고이관	ME00000020	김민회	0.0	2025-05-02T09:12:49.42
120	Y	N	MP202504230067	Rally Bar Remote Contol - Off White	952-000058	GD202504220657	GD	GD	상품	0	0	양품	MW20000001	대원위탁창고	18	0	18	MC00000003	Logitech VC	MC00000016	Option	MC00000071	Remote			73000.0	1314000.0	2025-05-14T10:27:20.53	100042	Logitech	재고이관	ME00000020	김민회	0.0	2025-05-02T09:12:49.383
121	Y	N	MP202507160014	Rally Bar Remote Contol - Off White	952-000058	GD202504220657	GD	GD	상품	0	0	양품	MW20000001	대원위탁창고	20	0	20	MC00000003	Logitech VC	MC00000016	Option	MC00000071	Remote			71396.0	1427920.0	2025-07-16T11:03:40.663	100042	Logitech	BASE	ME00000020	김민회	52.0	2025-07-16T11:03:40.66
122	Y	N	MP202508060022	Rally Bar Remote Control ,GRAPHITE	952-000057	GD202308170194	GD	GD	상품	0	0	양품	MW20000001	대원위탁창고	22	0	22	MC00000003	Logitech VC	MC00000016	Option	MC00000071	Remote			72072.0	1585584.0	2025-12-08T09:40:01.827	100042	Logitech	BASE	ME00000020	김민회	52.0	2025-08-13T17:40:50.383
123	Y	N	MP202502120006	Rally Bar Remote Control ,GRAPHITE	952-000057	GD202308170194	GD	GD	상품	0	0	양품	MW20000001	대원위탁창고	5	0	5	MC00000003	Logitech VC	MC00000016	Option	MC00000071	Remote			75582.0	377910.0	2025-12-16T18:05:27.67	100042	Logitech	BASE	ME00000020	김민회	52.0	2025-02-14T15:35:14.84
124	N	N	MP202511120012	Rally Bar Remote Control ,GRAPHITE	952-000057	GD202308170194	GD	GD	상품	0	0	양품	MW20000001	대원위탁창고	80	0	80	MC00000003	Logitech VC	MC00000016	Option	MC00000071	Remote			75842.0	6067360.0	2025-11-18T14:01:07.667	100042	Logitech	BASE	ME00000020	김민회	52.0	2025-11-18T14:01:07.667
125	Y	N	MP202504230068	Rally Remote Control	993-001940	GD202504220658	GD	GD	상품	0	0	양품	MW20000001	대원위탁창고	39	0	39	MC00000003	Logitech VC	MC00000016	Option	MC00000071	Remote			39000.0	1521000.0	2025-12-22T18:55:09.61	100042	Logitech	재고이관	ME00000020	김민회	0.0	2025-05-02T09:12:49.363
126	N	N	MP202509180048	Rally Remote Control	993-001940	GD202504220658	GD	GD	상품	0	0	양품	MW20000001	대원위탁창고	50	0	50	MC00000003	Logitech VC	MC00000016	Option	MC00000071	Remote			39132.29	1956614.5	2025-09-24T14:51:34.523	100042	Logitech	BASE	ME00000020	김민회	28.08	2025-09-24T14:51:34.523
127	Y	N	MP202504230069	Share Button for Logitech Scribe in White	952-000102	GD202504220659	GD	GD	상품	0	0	양품	MW20000001	대원위탁창고	18	0	18	MC00000003	Logitech VC	MC00000016	Option	MC00000071	Remote			100000.0	1800000.0	2025-09-16T11:35:01.363	100042	Logitech	재고이관	ME00000020	김민회	0.0	2025-05-02T09:12:49.347
128	N	N	MP202512170010	Rally Speaker, Graphite	960-001230	GD202108090050	GD	GD	상품	0	0	양품	MW20000001	대원위탁창고	2	0	2	MC00000003	Logitech VC	MC00000016	Option	MC00000078	Speaker			210965.47	421930.94	2025-12-18T16:32:33.343	100042	Logitech	BASE	ME00000020	김민회	143.28	2025-12-18T16:32:33.343
129	N	N	MP202511120022	Rally Speaker, Graphite	960-001230	GD202108090050	GD	GD	상품	0	0	양품	MW20000001	대원위탁창고	4	0	4	MC00000003	Logitech VC	MC00000016	Option	MC00000078	Speaker			208973.88	835895.52	2025-11-18T14:01:07.46	100042	Logitech	BASE	ME00000020	김민회	143.28	2025-11-18T14:01:07.46
130	Y	N	MP202405240004	Logi Dock Flex	939-002180	GD202406120017	GD	GD	상품	0	0	양품	MW00000001	본사임시창고	3	0	3	MC00000003	Logitech VC	MC00000016	Option	MC00000085	Dock			752915.86	2258747.58	2025-06-17T14:03:15.89	100042	Logitech	BASE	ME00000021	김창우	550.82	2024-06-12T14:08:50.81
131	Y	N	MP202504230057	Logi Dock Flex	939-002180	GD202406120017	GD	GD	상품	0	0	양품	MW20000001	대원위탁창고	2	0	2	MC00000003	Logitech VC	MC00000016	Option	MC00000085	Dock			799000.0	1598000.0	2025-05-14T10:27:20.72	100042	Logitech	재고이관	ME00000020	김민회	0.0	2025-05-02T09:12:49.51
132	Y	N	MP202504230047	Logi Dock for MS Teams Graphite	986-000020	GD202207200060	GD	GD	상품	0	0	양품	MW20000001	대원위탁창고	6	0	6	MC00000003	Logitech VC	MC00000016	Option	MC00000085	Dock			450000.0	2700000.0	2025-09-01T14:26:11.887	100042	Logitech	재고이관	ME00000020	김민회	0.0	2025-04-29T17:46:43.1
133	Y	N	MP202504230047	Logi Dock for MS Teams Graphite	986-000020	GD202207200060	GD	GD	상품	1	1	불량	MW00000001	본사임시창고	1	0	1	MC00000003	Logitech VC	MC00000016	Option	MC00000085	Dock			450000.0	450000.0	2025-09-01T14:26:05.33	100042	Logitech	재고이관	ME00000020	김민회	0.0	2025-04-29T17:46:43.1
134	Y	N	MP202301150271	Logi Dock for UC Graphite	986-000024	GD202209260016	GD	GD	상품	0	0	양품	MW20000001	대원위탁창고	1	0	1	MC00000003	Logitech VC	MC00000016	Option	MC00000085	Dock			439318.76	439318.76	2025-12-15T16:29:32.75	100042	Logitech	BASE	ME00000019	차재호	322.0	2024-10-15T14:11:26.26
135	Y	N	MP202407260011	Logi Dock for UC Graphite-Special	986-000024	GD202408190748	GD	GD	상품	0	0	양품	MW10000001	대여데모가상창고	1	0	1	MC00000003	Logitech VC	MC00000016	Option	MC00000085	Dock			116958.07	116958.07	2025-10-21T09:30:01.767	100042	Logitech	Promo	ME00000021	김창우	87.78	2024-08-23T16:23:56.823
136	Y	N	MP202407260011	Logi Dock for UC Graphite-Special	986-000024	GD202408190748	GD	GD	상품	0	0	양품	MW20000001	대원위탁창고	13	0	13	MC00000003	Logitech VC	MC00000016	Option	MC00000085	Dock			116958.07	1520454.91	2025-12-09T08:00:01.99	100042	Logitech	Promo	ME00000021	김창우	87.78	2024-08-23T16:23:56.823
137	Y	N	MP202504230048	Logi Dock for UC White	986-000030	GD202210270195	GD	GD	상품	0	0	양품	MW20000001	대원위탁창고	4	0	4	MC00000003	Logitech VC	MC00000016	Option	MC00000085	Dock			462000.0	1848000.0	2025-05-14T10:27:20.94	100042	Logitech	재고이관	ME00000020	김민회	0.0	2025-05-02T09:12:49.657
138	Y	N	MP202504230041	PoE Injector with plug set (OFF WHITE)	952-000074	GD202206230025	GD	GD	상품	0	0	양품	MW20000001	대원위탁창고	3	0	3	MC00000003	Logitech VC	MC00000016	Option	MC00000188	Power			99000.0	297000.0	2025-10-24T13:55:01.15	100042	Logitech	재고이관	ME00000020	김민회	0.0	2025-05-02T09:12:49.733
139	Y	N	MP202504210017	PoE Injector with plug set (OFF WHITE)	952-000074	GD202206230025	GD	GD	상품	0	0	양품	MW20000001	대원위탁창고	2	0	2	MC00000003	Logitech VC	MC00000016	Option	MC00000188	Power			92084.77	184169.54	2025-12-16T17:05:01.487	100042	Logitech	BASE	ME00000020	김민회	64.78	2025-04-23T14:42:35.38
140	Y	N	MP202506180007	PoE Injector with plug set (OFF WHITE)	952-000074	GD202206230025	GD	GD	상품	0	0	양품	MW20000001	대원위탁창고	10	0	10	MC00000003	Logitech VC	MC00000016	Option	MC00000188	Power			88159.1	881591.0	2025-06-27T14:39:16.21	100042	Logitech	BASE	ME00000020	김민회	64.78	2025-06-27T14:39:16.207
141	Y	N	MP202504210017	PoE Injector with plug set (OFF WHITE)	952-000074	GD202206230025	GD	GD	상품	1	1	불량	MW00000001	본사임시창고	1	0	1	MC00000003	Logitech VC	MC00000016	Option	MC00000188	Power			92084.77	92084.77	2025-11-13T11:18:35.87	100042	Logitech	BASE	ME00000020	김민회	64.78	2025-04-23T14:42:35.38
142	Y	N	MP202504230073	Power Adaptor (Spare)	993-001138	GD202504220663	GD	GD	상품	0	0	양품	MW20000001	대원위탁창고	6	0	6	MC00000003	Logitech VC	MC00000016	Option	MC00000524	Option			20000.0	120000.0	2025-11-25T15:05:13.91	100042	Logitech	재고이관	ME00000020	김민회	0.0	2025-05-02T09:12:49.27
143	Y	N	MP202504230072	Rally Ultra HD ConferenceCam Adaptor 19V	993-001943	GD202504220662	GD	GD	상품	0	0	양품	MW20000001	대원위탁창고	7	0	7	MC00000003	Logitech VC	MC00000016	Option	MC00000524	Option			73000.0	511000.0	2025-12-03T16:30:03.543	100042	Logitech	재고이관	ME00000020	김민회	0.0	2025-05-02T09:12:49.29
144	Y	N	MP202504230071	Rally Ultra HD ConferenceCam Adaptor 48V	993-001942	GD202504220661	GD	GD	상품	0	0	양품	MW20000001	대원위탁창고	5	0	5	MC00000003	Logitech VC	MC00000016	Option	MC00000524	Option			73000.0	365000.0	2025-11-18T16:10:19.72	100042	Logitech	재고이관	ME00000020	김민회	0.0	2025-05-02T09:12:49.31
145	Y	N	MP202301150186	Logitech Screen Share	939-001553	GD202104230058	GD	GD	상품	0	0	양품	MW20000001	대원위탁창고	3	0	3	MC00000003	Logitech VC	MC00000017	RoomSolution	MC00000065	Connector			264027.0	792081.0	2023-01-15T14:49:13.243	100042	Logitech	BASE	ME00000019	차재호	0.0	1900-01-01T00:00:00
146	Y	N	MP202301150375	SWYTCH	952-000014	GD202105280092	GD	GD	상품	0	0	양품	MW00000001	본사임시창고	30	0	30	MC00000003	Logitech VC	MC00000017	RoomSolution	MC00000065	Connector			883097.79	26492933.7	2025-06-17T14:03:15.89	100042	Logitech	BASE	ME00000019	차재호	653.89	2024-10-15T14:11:26.26
147	N	N	MP202510240010	SWYTCH	952-000014	GD202105280092	GD	GD	상품	0	0	양품	MW20000001	대원위탁창고	2	0	2	MC00000003	Logitech VC	MC00000017	RoomSolution	MC00000065	Connector			950756.06	1901512.12	2025-11-12T16:10:02.093	100042	Logitech	BASE	ME00000020	김민회	653.89	2025-11-12T13:37:39.237
148	Y	N	MP202507160008	Raichu - TAP, Display, Flare	939-001950	GD202108090053	GD	GD	상품	0	0	양품	MW20000001	대원위탁창고	3	0	3	MC00000003	Logitech VC	MC00000017	RoomSolution	MC00000068	TAP			1087402.27	3262206.81	2025-12-23T13:40:05.813	100042	Logitech	BASE	ME00000020	김민회	791.99	2025-07-16T11:03:40.66
149	N	N	MP202509180020	Raichu - TAP, Display, Flare	939-001950	GD202108090053	GD	GD	상품	0	0	양품	MW20000001	대원위탁창고	50	0	50	MC00000003	Logitech VC	MC00000017	RoomSolution	MC00000068	TAP			1103717.26	55185863.0	2025-12-16T15:00:01.307	100042	Logitech	BASE	ME00000020	김민회	791.99	2025-09-24T14:51:35.287
150	Y	N	MP202505190034	Raichu - TAP, Display, Flare	939-001950	GD202108090053	GD	GD	상품	1	1	불량	MW00000001	본사임시창고	1	0	1	MC00000003	Logitech VC	MC00000017	RoomSolution	MC00000068	TAP			1081066.35	1081066.35	2025-11-13T16:15:52.963	100042	Logitech	BASE	ME00000020	김민회	791.99	2025-05-29T09:56:13.947
151	Y	N	MP202501230021	Raichu - TAP, Display, Flare	939-001950	GD202108090053	GD	GD	상품	1	1	불량	MW00000001	본사임시창고	1	0	1	MC00000003	Logitech VC	MC00000017	RoomSolution	MC00000068	TAP			1152979.04	1152979.04	2025-06-02T15:43:36.033	100042	Logitech	BASE	ME00000020	김민회	791.99	2025-01-24T09:52:57
152	Y	N	MP202502030018	Raichu - TAP, Display, Flare	939-001950	GD202108090053	GD	GD	상품	1	1	불량	MW00000001	본사임시창고	1	0	1	MC00000003	Logitech VC	MC00000017	RoomSolution	MC00000068	TAP			1148385.5	1148385.5	2025-07-02T15:44:14.877	100042	Logitech	BASE	ME00000020	김민회	791.99	2025-02-11T15:50:24.947
153	Y	N	MP202302010036	Raichu - TAP, Display, Flare	939-001950	GD202108090053	GD	GD	상품	1	1	불량	MW00000001	본사임시창고	3	0	3	MC00000003	Logitech VC	MC00000017	RoomSolution	MC00000068	TAP			1093038.23	3279114.69	2025-11-13T10:58:36.08	100042	Logitech	BASE	ME00000019	차재호	791.99	2025-01-24T16:04:31.5
154	Y	N	MP202502030024	TAP IP Graphite	952-000085	GD202112100037	GD	GD	상품	0	0	양품	MW10000001	대여데모가상창고	1	0	1	MC00000003	Logitech VC	MC00000017	RoomSolution	MC00000068	TAP			844886.0	844886.0	2025-06-09T11:25:00.95	100042	Logitech	BASE	ME00000020	김민회	582.68	2025-02-11T15:50:24.947
155	N	N	MP202511120014	TAP IP Graphite	952-000085	GD202112100037	GD	GD	상품	0	0	양품	MW20000001	대원위탁창고	14	0	14	MC00000003	Logitech VC	MC00000017	RoomSolution	MC00000068	TAP			849838.78	11897742.92	2025-11-18T14:01:07.623	100042	Logitech	BASE	ME00000020	김민회	582.68	2025-11-18T14:01:07.623
156	Y	N	MP202504210018	TAP IP Graphite	952-000085	GD202112100037	GD	GD	상품	0	0	양품	MW10000001	대여데모가상창고	1	0	1	MC00000003	Logitech VC	MC00000017	RoomSolution	MC00000068	TAP			828279.62	828279.62	2025-10-17T10:25:01.263	100042	Logitech	BASE	ME00000020	김민회	582.68	2025-04-23T14:42:35.38
157	Y	N	MP202508060024	TAP IP Graphite	952-000085	GD202112100037	GD	GD	상품	0	0	양품	MW20000001	대원위탁창고	32	15	17	MC00000003	Logitech VC	MC00000017	RoomSolution	MC00000068	TAP			807594.48	25843023.36	2025-12-17T15:10:02.093	100042	Logitech	BASE	ME00000020	김민회	582.68	2025-08-13T17:40:50.347
158	N	N	MP202509180028	TAP IP Graphite	952-000085	GD202112100037	GD	GD	상품	0	0	양품	MW20000001	대원위탁창고	16	0	16	MC00000003	Logitech VC	MC00000017	RoomSolution	MC00000068	TAP			812022.85	12992365.6	2025-09-24T14:51:35.043	100042	Logitech	BASE	ME00000020	김민회	582.68	2025-09-24T14:51:35.043
159	Y	N	MP202504230035	TAP IP Off White	952-000088	GD202202150186	GD	GD	상품	0	0	양품	MW20000001	대원위탁창고	38	0	38	MC00000003	Logitech VC	MC00000017	RoomSolution	MC00000068	TAP			804000.0	30552000.0	2025-05-14T10:27:21.13	100042	Logitech	BASE	ME00000020	김민회	0.0	2025-05-02T09:12:49.787
160	Y	N	MP202301150217	TAP IP Off White	952-000088	GD202202150186	GD	GD	상품	0	0	양품	MW10000001	대여데모가상창고	2	0	2	MC00000003	Logitech VC	MC00000017	RoomSolution	MC00000068	TAP			709226.0	1418452.0	2025-10-17T10:25:01.26	100042	Logitech	BASE	ME00000019	차재호	0.0	1900-01-01T00:00:00
161	Y	N	MP202301150217	TAP IP Off White	952-000088	GD202202150186	GD	GD	상품	0	0	양품	MW20000001	대원위탁창고	5	0	5	MC00000003	Logitech VC	MC00000017	RoomSolution	MC00000068	TAP			709226.0	3546130.0	2025-10-17T16:30:05.803	100042	Logitech	BASE	ME00000019	차재호	0.0	1900-01-01T00:00:00
162	Y	N	MP202501230028	TAP Scheduler	952-000091	GD202206230026	GD	GD	상품	0	0	양품	MW20000001	대원위탁창고	1	1	0	MC00000003	Logitech VC	MC00000017	RoomSolution	MC00000068	TAP			858922.0	858922.0	2025-12-15T16:29:32.75	100042	Logitech	BASE	ME00000020	김민회	590.0	2025-01-24T09:52:57
163	Y	N	MP202504210019	TAP Scheduler	952-000091	GD202206230026	GD	GD	상품	0	0	양품	MW20000001	대원위탁창고	19	17	2	MC00000003	Logitech VC	MC00000017	RoomSolution	MC00000068	TAP			838685.0	15935015.0	2025-12-16T14:55:01.417	100042	Logitech	BASE	ME00000020	김민회	590.0	2025-04-23T14:42:35.38
164	N	N	MP202509180029	TAP Scheduler	952-000091	GD202206230026	GD	GD	상품	0	0	양품	MW20000001	대원위탁창고	94	0	94	MC00000003	Logitech VC	MC00000017	RoomSolution	MC00000068	TAP			822224.0	77289056.0	2025-12-04T11:05:01.83	100042	Logitech	BASE	ME00000020	김민회	590.0	2025-09-24T14:51:35.023
165	Y	N	MP202501230028	TAP Scheduler	952-000091	GD202206230026	GD	GD	상품	1	1	불량	MW00000001	본사임시창고	1	0	1	MC00000003	Logitech VC	MC00000017	RoomSolution	MC00000068	TAP			858922.0	858922.0	2025-04-02T14:18:47.21	100042	Logitech	BASE	ME00000020	김민회	590.0	2025-01-24T09:52:57
166	N	N	MP202510200012	TAP Scheduler Off White	952-000094	GD202409020177	GD	GD	상품	0	0	양품	MW20000001	대원위탁창고	6	0	6	MC00000003	Logitech VC	MC00000017	RoomSolution	MC00000068	TAP			837269.0	5023614.0	2025-12-16T17:05:01.487	100042	Logitech	BASE	ME00000020	김민회	590.0	2025-10-22T10:46:27.243
167	N	N	MP202512170005	TAP Scheduler Off White	952-000094	GD202409020177	GD	GD	상품	0	0	양품	MW20000001	대원위탁창고	10	0	10	MC00000003	Logitech VC	MC00000017	RoomSolution	MC00000068	TAP			868716.0	8687160.0	2025-12-18T16:32:33.38	100042	Logitech	BASE	ME00000020	김민회	590.0	2025-12-18T16:32:33.38
168	Y	N	MP202509010018	Tap with USB Kit	939-002214	GD202509010284	GD	GD	상품	0	0	양품	MW10000001	대여데모가상창고	1	0	1	MC00000003	Logitech VC	MC00000017	RoomSolution	MC00000068	TAP			683733.67	683733.67	2025-10-10T10:05:00.853	100042	Logitech	BASE	ME00000020	김민회	492.71	2025-09-03T09:18:01.83
169	Y	N	MP202509010018	Tap with USB Kit	939-002214	GD202509010284	GD	GD	상품	0	0	양품	MW20000001	대원위탁창고	1	0	1	MC00000003	Logitech VC	MC00000017	RoomSolution	MC00000068	TAP			683733.67	683733.67	2025-10-10T10:05:00.85	100042	Logitech	BASE	ME00000020	김민회	492.71	2025-09-03T09:18:01.83
170	N	N	MP202512170013	Roommate	950-000084	GD202112150145	GD	GD	상품	0	0	양품	MW20000001	대원위탁창고	8	0	8	MC00000003	Logitech VC	MC00000017	RoomSolution	MC00000069	PC			1163196.0	9305568.0	2025-12-18T16:32:33.327	100042	Logitech	BASE	ME00000020	김민회	790.0	2025-12-18T16:32:33.327
171	N	N	MP202510240002	Roommate	950-000084	GD202112150145	GD	GD	상품	0	0	양품	MW20000001	대원위탁창고	1	0	1	MC00000003	Logitech VC	MC00000017	RoomSolution	MC00000069	PC			1148660.0	1148660.0	2025-12-16T14:55:01.413	100042	Logitech	BASE	ME00000020	김민회	790.0	2025-11-12T13:37:39.277
172	N	N	MP202510240002	Roommate	950-000084	GD202112150145	GD	GD	상품	1	1	불량	MW00000001	본사임시창고	1	0	1	MC00000003	Logitech VC	MC00000017	RoomSolution	MC00000069	PC			1148660.0	1148660.0	2025-12-09T09:55:59.437	100042	Logitech	BASE	ME00000020	김민회	790.0	2025-11-12T13:37:39.277
173	Y	Y	MP202508260011	ThinkSmart SP Core Gen 2 Logi Z W11IOT	12X3S0010M	GD202508260488	GD	GD	상품	0	0	양품	MW00000001	본사임시창고	1	0	1	MC00000003	Logitech VC	MC00000017	RoomSolution	MC00000069	PC			1650000.0	1650000.0	2025-10-21T17:50:57.23	100066	Lenovo	클라우드커넥트	ME00000073	강진구	0.0	2025-08-28T09:12:09.05
174	Y	Y	MP202508260011	ThinkSmart SP Core Gen 2 Logi Z W11IOT	12X3S0010M	GD202508260488	GD	GD	상품	0	0	양품	MW20000001	대원위탁창고	1	0	1	MC00000003	Logitech VC	MC00000017	RoomSolution	MC00000069	PC			1650000.0	1650000.0	2025-11-21T14:35:18.023	100066	Lenovo	클라우드커넥트	ME00000073	강진구	0.0	2025-08-28T09:12:09.05
175	Y	N	MP202301250021	ThinkSmart SP Core L W10IOT	11RXS0240S	GD202301130194	GD	GD	상품	0	0	양품	MW10000001	대여데모가상창고	3	0	3	MC00000003	Logitech VC	MC00000017	RoomSolution	MC00000069	PC			938320.0	2814960.0	2023-06-22T13:05:00.77	100066	Lenovo	BASE	ME00000019	차재호	0.0	2023-04-25T17:08:03.65
176	N	Y	MP202511110021	ThinkSmart SP Core L W11IOT	12X2S0000M	GD202511110043	GD	GD	상품	0	0	양품	MW20000001	대원위탁창고	14	0	14	MC00000003	Logitech VC	MC00000017	RoomSolution	MC00000069	PC			1200000.0	16800000.0	2025-12-10T19:00:07.857	100066	Lenovo	고우넷	ME00000069	박형근	0.0	2025-11-13T17:32:04.527
177	N	Y	MP202510140011	ThinkSmart SP Core L W11IOT	12X2S0000M	GD202505070022	GD	GD	상품	0	0	양품	MW10000001	대여데모가상창고	1	0	1	MC00000003	Logitech VC	MC00000017	RoomSolution	MC00000069	PC			1200000.0	1200000.0	2025-10-28T11:00:05.91	100066	Lenovo	베가	ME00000073	강진구	0.0	2025-10-15T13:44:06.347
178	Y	N	MP202507160025	Rally Board 65-Black	960-001698	GD202506180050	GD	GD	상품	0	0	양품	MW10000001	대여데모가상창고	1	0	1	MC00000003	Logitech VC	MC00000017	RoomSolution	MC00000541	Board			6932757.55	6932757.55	2025-10-17T10:25:01.263	100042	Logitech	BASE	ME00000020	김민회	5049.35	2025-07-16T11:03:40.66
179	Y	N	MP202507160025	Rally Board 65-Black	960-001698	GD202506180050	GD	GD	상품	0	0	양품	MW20000001	대원위탁창고	3	0	3	MC00000003	Logitech VC	MC00000017	RoomSolution	MC00000541	Board			6932757.55	20798272.65	2025-10-17T10:25:01.26	100042	Logitech	BASE	ME00000020	김민회	5049.35	2025-07-16T11:03:40.66
180	N	N	MP202512170012	Rally Board 65-White	960-001730	GD202506180051	GD	GD	상품	0	0	양품	MW20000001	대원위탁창고	10	0	10	MC00000003	Logitech VC	MC00000017	RoomSolution	MC00000541	Board			7434662.94	74346629.4	2025-12-18T15:57:19.62	100042	Logitech	BASE	ME00000020	김민회	5049.35	2025-12-18T15:57:19.62
181	Y	N	MP202506180015	Rally Board 65-White	960-001730	GD202506180051	GD	GD	상품	0	0	양품	MW10000001	대여데모가상창고	1	0	1	MC00000003	Logitech VC	MC00000017	RoomSolution	MC00000541	Board			6932757.55	6932757.55	2025-08-04T13:30:01.123	100042	Logitech	BASE	ME00000020	김민회	5049.35	2025-07-16T11:03:40.66
182	N	N	MP202509180044	Rally Board 65-White	960-001730	GD202506180051	GD	GD	상품	0	0	양품	MW10000001	대여데모가상창고	1	0	1	MC00000003	Logitech VC	MC00000017	RoomSolution	MC00000541	Board			7036774.16	7036774.16	2025-10-21T09:30:01.77	100042	Logitech	BASE	ME00000020	김민회	5049.35	2025-09-24T14:51:34.627
183	N	N	MP202509180033	Rally Board 65 Cart	952-000251	GD202506180049	GD	GD	상품	0	0	양품	MW20000001	대원위탁창고	6	0	6	MC00000003	Logitech VC	MC00000017	RoomSolution	MC00000542	Cart			3027373.02	18164238.12	2025-09-24T14:51:34.903	100042	Logitech	BASE	ME00000020	김민회	2172.34	2025-09-24T14:51:34.903
184	N	N	MP202512170014	Rally Board 65 Cart	952-000251	GD202506180049	GD	GD	상품	0	0	양품	MW20000001	대원위탁창고	4	0	4	MC00000003	Logitech VC	MC00000017	RoomSolution	MC00000542	Cart			3198553.42	12794213.68	2025-12-18T15:57:07.267	100042	Logitech	BASE	ME00000020	김민회	2172.34	2025-12-18T15:57:07.267
185	Y	N	MP202506180008	Rally Board 65 Cart	952-000251	GD202506180049	GD	GD	상품	0	0	양품	MW10000001	대여데모가상창고	2	0	2	MC00000003	Logitech VC	MC00000017	RoomSolution	MC00000542	Cart			2956337.51	5912675.02	2025-10-21T09:30:01.767	100042	Logitech	BASE	ME00000020	김민회	2172.34	2025-06-27T14:39:16.207
186	Y	N	MP202506180008	Rally Board 65 Cart	952-000251	GD202506180049	GD	GD	상품	0	0	양품	MW20000001	대원위탁창고	2	0	2	MC00000003	Logitech VC	MC00000017	RoomSolution	MC00000542	Cart			2956337.51	5912675.02	2025-12-10T09:30:03.47	100042	Logitech	BASE	ME00000020	김민회	2172.34	2025-06-27T14:39:16.207
187	N	N	MP202512170008	Rally Board 65 Cart	952-000251	GD202506180049	GD	GD	상품	0	0	양품	MW20000001	대원위탁창고	4	0	4	MC00000003	Logitech VC	MC00000017	RoomSolution	MC00000542	Cart			3198553.42	12794213.68	2025-12-18T15:57:07.287	100042	Logitech	BASE	ME00000020	김민회	2172.34	2025-12-18T15:57:07.287
188	N	N	MP202512190012	BCC950 ConferenceCam	960-000939	GD202010230035	GD	GD	상품	0	0	양품	MW20000001	대원위탁창고	11	0	11	MC00000003	Logitech VC	MC00000018	Camera	MC00000072	Small			213617.892	2349796.812	2025-12-23T14:35:05.637	100042	Logitech	BASE	ME00000020	김민회	144.61	2025-12-23T09:47:58.333
189	Y	N	MP202504090005	BCC950 ConferenceCam-BOX	960-000939	GD202504090055	GD	GD	상품	0	0	양품	MW20000001	대원위탁창고	1	0	1	MC00000003	Logitech VC	MC00000018	Camera	MC00000072	Small			212142.87	212142.87	2025-04-10T16:43:46.903	100042	Logitech	BASE	ME00000020	김민회	144.61	2025-04-10T16:43:46.9
190	Y	N	MP202302010024	Logitech ConferenceCam Connect	960-001035	GD202010230036	GD	GD	상품	1	1	불량	MW00000001	본사임시창고	1	0	1	MC00000003	Logitech VC	MC00000018	Camera	MC00000072	Small			480639.28	480639.28	2025-02-12T17:55:39.903	100042	Logitech	BASE	ME00000019	차재호	356.4	2024-10-15T14:11:26.26
191	N	N	MP202509180035	Logitech ConferenceCam Connect-BOX	960-001035	GD202504090056	GD	GD	상품	0	0	양품	MW20000001	대원위탁창고	17	0	17	MC00000003	Logitech VC	MC00000018	Camera	MC00000072	Small			496679.04	8443543.68	2025-12-03T16:20:01.813	100042	Logitech	BASE	ME00000020	김민회	356.4	2025-09-24T14:51:34.863
192	Y	N	MP202409040051	Logitech Reach Content Camera, Base Mount	960-001703	GD202409190156	GD	GD	상품	0	0	양품	MW20000001	대원위탁창고	28	0	28	MC00000003	Logitech VC	MC00000018	Camera	MC00000072	Small			354498.54	9925959.12	2025-11-18T08:00:03.73	100042	Logitech	BASE	ME00000022	이석재	266.34	2024-09-20T17:04:23.713
193	Y	N	MP202409040052	Logitech Reach Content Camera, Clamp Mount	960-001704	GD202409190157	GD	GD	상품	0	0	양품	MW20000001	대원위탁창고	16	0	16	MC00000003	Logitech VC	MC00000018	Camera	MC00000072	Small			354498.54	5671976.64	2025-11-27T14:40:01.19	100042	Logitech	BASE	ME00000022	이석재	266.34	2024-09-20T17:04:23.713
194	N	N	MP202510200018	Meet Up	960-001101	GD202101150007	GD	GD	상품	0	0	양품	MW20000001	대원위탁창고	55	1	54	MC00000003	Logitech VC	MC00000018	Camera	MC00000072	Small			705008.88	38775488.4	2025-12-23T10:50:10.617	100042	Logitech	BASE	ME00000020	김민회	496.8	2025-10-22T10:46:27.243
195	N	N	MP202511120018	Meet up	960-001101	GD202101150007	GD	GD	상품	0	0	양품	MW20000001	대원위탁창고	45	0	45	MC00000003	Logitech VC	MC00000018	Camera	MC00000072	Small			724582.8	32606226.0	2025-12-17T08:00:01.907	100042	Logitech	BASE	ME00000020	김민회	496.8	2025-11-18T14:01:07.56
196	Y	N	MP202504230010	Meet up	960-001101	GD202101150007	GD	GD	상품	1	1	불량	MW20000001	대원위탁창고	1	0	1	MC00000003	Logitech VC	MC00000018	Camera	MC00000072	Small			962000.0	962000.0	2025-05-08T16:15:39.853	100042	Logitech	재고이관	ME00000020	김민회	0.0	2025-04-29T17:46:43.153
197	Y	N	MP202505150010	Meet up	960-001101	GD202101150007	GD	GD	상품	1	1	불량	MW00000001	본사임시창고	1	0	1	MC00000003	Logitech VC	MC00000018	Camera	MC00000072	Small			879211.8	879211.8	2025-11-13T10:59:33.753	100042	Logitech	BASE	ME00000020	김민회	621.0	2025-05-16T16:21:09.557
198	Y	N	MP202505190043	Meet up	960-001101	GD202101150007	GD	GD	상품	1	1	불량	MW00000001	본사임시창고	1	0	1	MC00000003	Logitech VC	MC00000018	Camera	MC00000072	Small			847665.0	847665.0	2025-11-13T11:01:28.88	100042	Logitech	BASE	ME00000020	김민회	621.0	2025-05-29T09:56:13.787
199	N	N	MP202512170011	Meet up2	960-001680	GD202410080132	GD	GD	상품	0	0	양품	MW20000001	대원위탁창고	74	0	74	MC00000003	Logitech VC	MC00000018	Camera	MC00000072	Small			991057.72	73338271.28	2025-12-18T16:22:46.327	100042	Logitech	BASE	ME00000020	김민회	673.09	2025-12-18T16:22:46.327
200	Y	N	MP202504210027	Meet up2	960-001680	GD202410080132	GD	GD	상품	0	0	양품	MW00000001	본사임시창고	1	0	1	MC00000003	Logitech VC	MC00000018	Camera	MC00000072	Small			956797.44	956797.44	2025-07-31T11:04:36.497	100042	Logitech	BASE	ME00000020	김민회	673.09	2025-04-23T14:42:35.38
201	N	N	MP202511120025	Meet up2	960-001680	GD202410080132	GD	GD	상품	0	0	양품	MW20000001	대원위탁창고	42	0	42	MC00000003	Logitech VC	MC00000018	Camera	MC00000072	Small			981701.77	41231474.34	2025-11-18T14:01:07.41	100042	Logitech	BASE	ME00000020	김민회	673.09	2025-11-18T14:01:07.41
202	N	N	MP202510240006	Meet up2	960-001680	GD202410080132	GD	GD	상품	0	0	양품	MW20000001	대원위탁창고	33	0	33	MC00000003	Logitech VC	MC00000018	Camera	MC00000072	Small			978672.86	32296204.38	2025-12-23T09:25:05.647	100042	Logitech	BASE	ME00000020	김민회	673.09	2025-11-12T17:20:57.53
203	Y	N	MP202501230011	Meet up2	960-001680	GD202410080132	GD	GD	상품	1	1	불량	MW00000001	본사임시창고	6	0	6	MC00000003	Logitech VC	MC00000018	Camera	MC00000072	Small			989442.3	5936653.8	2025-04-03T14:31:53.71	100042	Logitech	BASE	ME00000020	김민회	673.09	2025-01-24T09:52:57.03
204	Y	N	MP202502030034	Meet up2	960-001680	GD202410080132	GD	GD	상품	1	1	불량	MW00000001	본사임시창고	1	0	1	MC00000003	Logitech VC	MC00000018	Camera	MC00000072	Small			975980.5	975980.5	2025-04-29T11:27:09.82	100042	Logitech	BASE	ME00000020	김민회	673.09	2025-02-11T15:50:24.947
205	Y	N	MP202504210027	Meet up2	960-001680	GD202410080132	GD	GD	상품	1	1	불량	MW00000001	본사임시창고	1	0	1	MC00000003	Logitech VC	MC00000018	Camera	MC00000072	Small			956797.44	956797.44	2025-05-21T13:40:17.673	100042	Logitech	BASE	ME00000020	김민회	673.09	2025-04-23T14:42:35.38
206	Y	N	MP202506180013	Meet up2	960-001680	GD202409120030	GD	GD	상품	1	1	불량	MW00000001	본사임시창고	3	0	3	MC00000003	Logitech VC	MC00000018	Camera	MC00000072	Small			916008.18	2748024.54	2025-09-04T11:41:56.12	100042	Logitech	BASE	ME00000020	김민회	673.09	2025-06-27T14:39:16.207
207	N	N	MP202511070014	Rally Streamline Kit	991-000553	GD202511070140	GD	GD	상품	0	0	양품	MW20000001	대원위탁창고	6	0	6	MC00000003	Logitech VC	MC00000018	Camera	MC00000072	Small			2402153.52	14412921.12	2025-11-20T08:00:02.67	100042	Logitech	BASE	ME00000020	김민회	1661.7	2025-11-11T10:21:50.967
208	N	N	MP202512010032	Group	960-001054	GD202104130124	GD	GD	상품	0	0	양품	MW20000001	대원위탁창고	32	0	32	MC00000003	Logitech VC	MC00000018	Camera	MC00000074	Midium			1173130.45	37540174.4	2025-12-23T09:25:05.647	100042	Logitech	BASE	ME00000020	김민회	800.28	2025-12-02T16:26:47.037
209	N	N	MP202512170015	Group	960-001054	GD202104130124	GD	GD	상품	0	0	양품	MW20000001	대원위탁창고	40	0	40	MC00000003	Logitech VC	MC00000018	Camera	MC00000074	Midium			1178332.27	47133290.8	2025-12-18T16:32:33.307	100042	Logitech	BASE	ME00000020	김민회	800.28	2025-12-18T16:32:33.307
210	N	N	MP202512190010	Group	960-001054	GD202104130124	GD	GD	상품	0	0	양품	MW20000001	대원위탁창고	2	0	2	MC00000003	Logitech VC	MC00000018	Camera	MC00000074	Midium			1182173.615	2364347.23	2025-12-23T09:47:58.337	100042	Logitech	BASE	ME00000020	김민회	800.28	2025-12-23T09:47:58.333
211	Y	N	MP202508060027	PTZ Pro2 Camera	960-001184	GD202205310015	GD	GD	상품	0	0	양품	MW20000001	대원위탁창고	8	0	8	MC00000003	Logitech VC	MC00000018	Camera	MC00000074	Midium			688564.8	5508518.4	2025-08-13T17:40:50.29	100042	Logitech	BASE	ME00000020	김민회	496.8	2025-08-13T17:40:50.29
212	Y	N	MP202505190044	PTZ Pro2 Camera	960-001184	GD202205310015	GD	GD	상품	0	0	양품	MW20000001	대원위탁창고	7	0	7	MC00000003	Logitech VC	MC00000018	Camera	MC00000074	Midium			678132.0	4746924.0	2025-12-23T18:50:14.243	100042	Logitech	BASE	ME00000020	김민회	496.8	2025-05-29T09:56:13.767
213	N	N	MP202511120019	PTZ Pro2 Camera	960-001184	GD202205310015	GD	GD	상품	0	0	양품	MW20000001	대원위탁창고	19	0	19	MC00000003	Logitech VC	MC00000018	Camera	MC00000074	Midium			724582.8	13767073.2	2025-11-20T11:30:38.66	100042	Logitech	BASE	ME00000020	김민회	496.8	2025-11-18T14:01:07.54
214	N	N	MP202509180037	PTZ Pro2 Camera	960-001184	GD202205310015	GD	GD	상품	0	0	양품	MW20000001	대원위탁창고	12	0	12	MC00000003	Logitech VC	MC00000018	Camera	MC00000074	Midium			692340.48	8308085.76	2025-09-24T14:51:34.823	100042	Logitech	BASE	ME00000020	김민회	496.8	2025-09-24T14:51:34.82
215	N	N	MP202511120019	PTZ Pro2 Camera	960-001184	GD202205310015	GD	GD	상품	1	1	불량	MW00000001	본사임시창고	1	0	1	MC00000003	Logitech VC	MC00000018	Camera	MC00000074	Midium			724582.8	724582.8	2025-11-20T11:26:50.09	100042	Logitech	BASE	ME00000020	김민회	496.8	2025-11-18T14:01:07.54
216	Y	N	MP202504210024	PTZ Pro2 Camera	960-001184	GD202205310015	GD	GD	상품	1	1	불량	MW00000001	본사임시창고	1	0	1	MC00000003	Logitech VC	MC00000018	Camera	MC00000074	Midium			706201.2	706201.2	2025-05-27T12:13:53.03	100042	Logitech	BASE	ME00000020	김민회	496.8	2025-04-23T14:42:35.38
217	N	N	MP202512050023	Rally Bar Huddle-GRAPHITE	960-001501	GD202307270012	GD	GD	상품	0	0	양품	MW20000001	대원위탁창고	2	2	0	MC00000003	Logitech VC	MC00000018	Camera	MC00000074	Midium			1835357.805	3670715.61	2025-12-17T15:10:02.093	100042	Logitech	BASE	ME00000020	김민회	1247.27	2025-12-05T16:55:15.133
218	Y	N	MP202307310012	Rally Bar Huddle-GRAPHITE	960-001501	GD202307270012	GD	GD	상품	0	0	양품	MW00000001	본사임시창고	1	0	1	MC00000003	Logitech VC	MC00000018	Camera	MC00000074	Midium			1657628.72	1657628.72	2025-10-02T14:37:26.253	100042	Logitech	BASE	ME00000019	차재호	1247.27	2023-09-20T09:05:46.933
219	Y	N	MP202304060014	Rally Bar Mini EU/AP Graphite	960-001395	GD202109270174	GD	GD	상품	0	0	양품	MW00000001	본사임시창고	2	0	2	MC00000003	Logitech VC	MC00000018	Camera	MC00000074	Midium			3046686.98	6093373.96	2025-02-03T15:34:26.847	100042	Logitech	BASE	ME00000019	차재호	2220.0	2024-12-10T14:09:12.437
220	N	N	MP202510240005	Rally Bar Mini EU/AP Graphite	960-001395	GD202109270174	GD	GD	상품	0	0	양품	MW20000001	대원위탁창고	7	6	1	MC00000003	Logitech VC	MC00000018	Camera	MC00000074	Midium			3227880.0	22595160.0	2025-12-18T19:45:01.873	100042	Logitech	BASE	ME00000020	김민회	2220.0	2025-11-12T17:20:57.557
221	N	N	MP202510240009	Rally Bar Mini EU/AP Graphite	960-001395	GD202109270174	GD	GD	상품	0	0	양품	MW20000001	대원위탁창고	54	0	54	MC00000003	Logitech VC	MC00000018	Camera	MC00000074	Midium			3227880.0	174305520.0	2025-12-16T18:05:27.667	100042	Logitech	BASE	ME00000020	김민회	2220.0	2025-11-12T13:37:39.26
222	Y	N	MP202503110003	Rally Bar Mini EU/AP Graphite	960-001395	GD202109270174	GD	GD	상품	0	0	양품	MW10000001	대여데모가상창고	1	0	1	MC00000003	Logitech VC	MC00000018	Camera	MC00000074	Midium			3210786.0	3210786.0	2025-06-09T11:25:00.95	100042	Logitech	BASE	ME00000020	김민회	2220.0	2025-03-12T16:54:37.353
223	Y	N	MP202503110003	Rally Bar Mini EU/AP Graphite	960-001395	GD202109270174	GD	GD	상품	1	1	불량	MW00000001	본사임시창고	1	0	1	MC00000003	Logitech VC	MC00000018	Camera	MC00000074	Midium			3210786.0	3210786.0	2025-05-02T09:42:29.09	100042	Logitech	BASE	ME00000020	김민회	2220.0	2025-03-12T16:54:37.353
224	N	N	MP202510240009	Rally Bar Mini EU/AP Graphite	960-001395	GD202109270174	GD	GD	상품	1	1	불량	MW00000001	본사임시창고	1	0	1	MC00000003	Logitech VC	MC00000018	Camera	MC00000074	Midium			3227880.0	3227880.0	2025-12-09T09:56:32.927	100042	Logitech	BASE	ME00000020	김민회	2220.0	2025-11-12T13:37:39.26
225	Y	N	MP202504230030	Rally Bar Mini EU/AP Graphite	960-001395	GD202109270174	GD	GD	상품	1	1	불량	MW00000001	본사임시창고	1	0	1	MC00000003	Logitech VC	MC00000018	Camera	MC00000074	Midium			3428000.0	3428000.0	2025-07-14T11:37:22.177	100042	Logitech	재고이관	ME00000020	김민회	0.0	2025-05-02T09:12:49.86
226	Y	N	MP202504210031	Rally Bar Mini EU/AP Graphite	960-001395	GD202109270174	GD	GD	상품	1	1	불량	MW00000001	본사임시창고	1	0	1	MC00000003	Logitech VC	MC00000018	Camera	MC00000074	Midium			3155730.0	3155730.0	2025-06-24T14:48:14.293	100042	Logitech	BASE	ME00000020	김민회	2220.0	2025-04-23T14:42:35.38
227	N	N	MP202509180041	Rally Bar Mini EU/AP Graphite	960-001395	GD202109270174	GD	GD	상품	1	1	불량	MW00000001	본사임시창고	1	0	1	MC00000003	Logitech VC	MC00000018	Camera	MC00000074	Midium			3093792.0	3093792.0	2025-10-27T10:04:53.097	100042	Logitech	BASE	ME00000020	김민회	2220.0	2025-09-24T14:51:34.717
228	Y	N	MP202301150257	Rally Bar Mini White	960-001396	GD202204060172	GD	GD	상품	0	0	양품	MW20000001	대원위탁창고	1	0	1	MC00000003	Logitech VC	MC00000018	Camera	MC00000074	Midium			2728291.0	2728291.0	2024-06-18T09:20:00.85	100042	Logitech	BASE	ME00000019	차재호	0.0	1900-01-01T00:00:00
229	Y	N	MP202310160001	Sight Graphite	960-001510	GD202310160037	GD	GD	상품	0	0	양품	MW10000001	대여데모가상창고	2	0	2	MC00000003	Logitech VC	MC00000018	Camera	MC00000074	Midium			1882450.46	3764900.92	2025-10-17T10:25:01.263	100042	Logitech	BASE	ME00000019	차재호	1352.0	2024-12-10T14:09:12.437
230	Y	N	MP202310160001	Sight Graphite	960-001510	GD202310160037	GD	GD	상품	0	0	양품	MW20000001	대원위탁창고	16	0	16	MC00000003	Logitech VC	MC00000018	Camera	MC00000074	Midium			1882450.46	30119207.36	2025-12-16T14:55:01.73	100042	Logitech	BASE	ME00000019	차재호	1352.0	2024-12-10T14:09:12.437
231	N	N	MP202511120024	Sight Graphite	960-001510	GD202310160037	GD	GD	상품	0	0	양품	MW20000001	대원위탁창고	10	0	10	MC00000003	Logitech VC	MC00000018	Camera	MC00000074	Midium			1971892.0	19718920.0	2025-11-18T14:01:07.43	100042	Logitech	BASE	ME00000020	김민회	1352.0	2025-11-18T14:01:07.43
232	N	N	MP202509180042	Sight Graphite	960-001510	GD202310160037	GD	GD	상품	0	0	양품	MW20000001	대원위탁창고	18	0	18	MC00000003	Logitech VC	MC00000018	Camera	MC00000074	Midium			1884147.2	33914649.6	2025-12-09T10:46:14.593	100042	Logitech	BASE	ME00000020	김민회	1352.0	2025-09-24T14:51:34.673
233	N	N	MP202509180042	Sight Graphite	960-001510	GD202310160037	GD	GD	상품	1	1	불량	MW00000001	본사임시창고	1	0	1	MC00000003	Logitech VC	MC00000018	Camera	MC00000074	Midium			1884147.2	1884147.2	2025-12-09T09:56:07.547	100042	Logitech	BASE	ME00000020	김민회	1352.0	2025-09-24T14:51:34.673
234	Y	N	MP202504230063	Sight White	960-001503	GD202504220653	GD	GD	상품	0	0	양품	MW10000001	대여데모가상창고	2	0	2	MC00000003	Logitech VC	MC00000018	Camera	MC00000074	Midium			2052000.0	4104000.0	2025-10-21T09:30:01.767	100042	Logitech	재고이관	ME00000020	김민회	0.0	2025-05-02T09:12:49.457
235	Y	N	MP202504230063	Sight White	960-001503	GD202504220653	GD	GD	상품	0	0	양품	MW20000001	대원위탁창고	2	0	2	MC00000003	Logitech VC	MC00000018	Camera	MC00000074	Midium			2052000.0	4104000.0	2025-10-21T09:30:01.767	100042	Logitech	재고이관	ME00000020	김민회	0.0	2025-05-02T09:12:49.457
236	Y	N	MP202505190049	Sight White	960-001503	GD202504220653	GD	GD	상품	0	0	양품	MW20000001	대원위탁창고	2	0	2	MC00000003	Logitech VC	MC00000018	Camera	MC00000074	Midium			1845480.0	3690960.0	2025-05-29T09:56:13.68	100042	Logitech	BASE	ME00000020	김민회	1352.0	2025-05-29T09:56:13.68
237	Y	N	MP202504230031	Rally Bar White	960-001394	GD202111080109	GD	GD	상품	0	0	양품	MW20000001	대원위탁창고	19	0	19	MC00000003	Logitech VC	MC00000018	Camera	MC00000077	Large			4163000.0	79097000.0	2025-05-14T10:27:21.21	100042	Logitech	재고이관	ME00000020	김민회	0.0	2025-05-02T09:12:49.84
238	N	N	MP202512170002	Rally Bar-Graphite	960-001393	GD202111080110	GD	GD	상품	0	0	양품	MW20000001	대원위탁창고	36	0	36	MC00000003	Logitech VC	MC00000018	Camera	MC00000077	Large			4343580.0	156368880.0	2025-12-18T16:32:33.417	100042	Logitech	BASE	ME00000020	김민회	2950.0	2025-12-18T16:32:33.413
239	Y	N	MP202507160023	Rally Bar-Graphite	960-001393	GD202111080110	GD	GD	상품	0	0	양품	MW20000001	대원위탁창고	13	0	13	MC00000003	Logitech VC	MC00000018	Camera	MC00000077	Large			4050350.0	52654550.0	2025-10-17T14:35:01.66	100042	Logitech	BASE	ME00000020	김민회	2950.0	2025-07-16T11:03:40.66
240	N	N	MP202512190013	Rally Bar-Graphite	960-001393	GD202111080110	GD	GD	상품	0	0	양품	MW20000001	대원위탁창고	20	0	20	MC00000003	Logitech VC	MC00000018	Camera	MC00000077	Large			4357740.0	87154800.0	2025-12-23T09:47:58.337	100042	Logitech	BASE	ME00000020	김민회	2950.0	2025-12-23T09:47:58.333
241	Y	N	MP202506180011	Rally Bar-Graphite	960-001393	GD202111080110	GD	GD	상품	0	0	양품	MW20000001	대원위탁창고	14	6	8	MC00000003	Logitech VC	MC00000018	Camera	MC00000077	Large			4014655.0	56205170.0	2025-12-17T15:10:02.093	100042	Logitech	BASE	ME00000020	김민회	2950.0	2025-06-27T14:39:16.207
242	Y	N	MP202502120008	Rally Bar-Graphite	960-001393	GD202111080110	GD	GD	상품	0	0	양품	MW10000001	대여데모가상창고	1	0	1	MC00000003	Logitech VC	MC00000018	Camera	MC00000077	Large			4287825.0	4287825.0	2025-09-03T10:05:01.9	100042	Logitech	BASE	ME00000020	김민회	2950.0	2025-02-14T15:35:14.84
243	N	N	MP202510200016	Rally Bar-Graphite	960-001393	GD202111080110	GD	GD	상품	0	0	양품	MW20000001	대원위탁창고	30	0	30	MC00000003	Logitech VC	MC00000018	Camera	MC00000077	Large			4186345.0	125590350.0	2025-10-22T10:46:27.25	100042	Logitech	BASE	ME00000020	김민회	2950.0	2025-10-22T10:46:27.243
244	Y	N	MP202301150246	Rally Bar-Graphite	960-001393	GD202111080110	GD	GD	상품	0	0	양품	MW00000001	본사임시창고	3	0	3	MC00000003	Logitech VC	MC00000018	Camera	MC00000077	Large			4047432.7	12142298.1	2025-02-03T15:34:26.847	100042	Logitech	BASE	ME00000019	차재호	2950.0	2025-01-24T16:04:31.5
245	N	N	MP202510240008	Rally Bar-Graphite	960-001393	GD202111080110	GD	GD	상품	0	0	양품	MW20000001	대원위탁창고	43	0	43	MC00000003	Logitech VC	MC00000018	Camera	MC00000077	Large			4289300.0	184439900.0	2025-11-12T17:20:57.477	100042	Logitech	BASE	ME00000020	김민회	2950.0	2025-11-12T17:20:57.477
246	N	N	MP202509180040	Rally Bar-Graphite	960-001393	GD202111080110	GD	GD	상품	0	0	양품	MW20000001	대원위탁창고	1	0	1	MC00000003	Logitech VC	MC00000018	Camera	MC00000077	Large			4111120.0	4111120.0	2025-11-27T14:20:01.613	100042	Logitech	BASE	ME00000020	김민회	2950.0	2025-09-24T14:51:34.737
247	Y	N	MP202502030032	Rally Bar-Graphite	960-001393	GD202111080110	GD	GD	상품	1	1	불량	MW00000001	본사임시창고	1	0	1	MC00000003	Logitech VC	MC00000018	Camera	MC00000077	Large			4277500.0	4277500.0	2025-06-11T14:20:37.98	100042	Logitech	BASE	ME00000020	김민회	2950.0	2025-02-11T15:50:24.947
248	Y	N	MP202301150246	Rally Bar-Graphite	960-001393	GD202111080110	GD	GD	상품	1	1	불량	MW00000001	본사임시창고	1	0	1	MC00000003	Logitech VC	MC00000018	Camera	MC00000077	Large			4047432.7	4047432.7	2025-03-18T14:15:40.523	100042	Logitech	BASE	ME00000019	차재호	2950.0	2025-01-24T16:04:31.5
249	Y	N	MP202506180011	Rally Bar-Graphite	960-001393	GD202111080110	GD	GD	상품	1	1	불량	MW00000001	본사임시창고	1	0	1	MC00000003	Logitech VC	MC00000018	Camera	MC00000077	Large			4014655.0	4014655.0	2025-12-09T09:46:46.577	100042	Logitech	BASE	ME00000020	김민회	2950.0	2025-06-27T14:39:16.207
250	Y	N	MP202504210026	Rally Bar-Graphite	960-001393	GD202111080110	GD	GD	상품	1	1	불량	MW00000001	본사임시창고	1	0	1	MC00000003	Logitech VC	MC00000018	Camera	MC00000077	Large			4193425.0	4193425.0	2025-07-02T15:44:14.893	100042	Logitech	BASE	ME00000020	김민회	2950.0	2025-04-23T14:42:35.38
251	N	N	MP202511120021	Rally Camera	960-001226	GD202205310016	GD	GD	상품	0	0	양품	MW20000001	대원위탁창고	19	0	19	MC00000003	Logitech VC	MC00000018	Camera	MC00000077	Large			1474353.9	28012724.1	2025-12-23T18:45:05.6	100042	Logitech	BASE	ME00000020	김민회	1010.87	2025-11-18T14:01:07.497
252	N	N	MP202509180039	Rally Camera	960-001226	GD202205310016	GD	GD	상품	0	0	양품	MW10000001	대여데모가상창고	1	0	1	MC00000003	Logitech VC	MC00000018	Camera	MC00000077	Large			1408748.43	1408748.43	2025-11-06T18:20:01.38	100042	Logitech	BASE	ME00000020	김민회	1010.87	2025-09-24T14:51:34.76
253	N	N	MP202509180039	Rally Camera	960-001226	GD202205310016	GD	GD	상품	0	0	양품	MW20000001	대원위탁창고	2	2	0	MC00000003	Logitech VC	MC00000018	Camera	MC00000077	Large			1408748.43	2817496.86	2025-12-22T18:55:05.51	100042	Logitech	BASE	ME00000020	김민회	1010.87	2025-09-24T14:51:34.76
254	Y	N	MP202301150240	Rally Camera	960-001226	GD202205310016	GD	GD	상품	1	1	불량	MW00000001	본사임시창고	3	0	3	MC00000003	Logitech VC	MC00000018	Camera	MC00000077	Large			1386448.45	4159345.35	2025-03-17T11:07:43.373	100042	Logitech	BASE	ME00000019	차재호	1010.87	2024-11-27T11:20:10.643
255	Y	N	MP202507160022	Rally Camera	960-001226	GD202205310016	GD	GD	상품	1	1	불량	MW00000001	본사임시창고	1	0	1	MC00000003	Logitech VC	MC00000018	Camera	MC00000077	Large			1387924.51	1387924.51	2025-09-01T12:16:42.2	100042	Logitech	BASE	ME00000020	김민회	1010.87	2025-07-16T11:03:40.66
256	N	N	MP202512170016	Rally Plus	960-001224	GD202010230037	GD	GD	상품	0	0	양품	MW20000001	대원위탁창고	35	0	35	MC00000003	Logitech VC	MC00000018	Camera	MC00000077	Large			3074356.48	107602476.8	2025-12-18T16:23:31.793	100042	Logitech	BASE	ME00000020	김민회	2087.99	2025-12-18T16:23:31.793
257	N	N	MP202512170009	Rally Plus	960-001224	GD202010230037	GD	GD	상품	0	0	양품	MW20000001	대원위탁창고	39	0	39	MC00000003	Logitech VC	MC00000018	Camera	MC00000077	Large			3074356.48	119899902.72	2025-12-23T14:00:06.357	100042	Logitech	BASE	ME00000020	김민회	2087.99	2025-12-18T15:55:44.543
258	N	N	MP202510200015	Rally Plus	960-001224	GD202010230037	GD	GD	상품	0	0	양품	MW10000001	대여데모가상창고	1	0	1	MC00000003	Logitech VC	MC00000018	Camera	MC00000077	Large			2963066.609	2963066.609	2025-12-08T19:10:01.6	100042	Logitech	BASE	ME00000020	김민회	2087.99	2025-10-22T10:46:27.243
259	N	N	MP202509180038	Rally Plus	960-001224	GD202010230037	GD	GD	상품	0	0	양품	MW10000001	대여데모가상창고	1	0	1	MC00000003	Logitech VC	MC00000018	Camera	MC00000077	Large			2909822.86	2909822.86	2025-11-06T18:20:01.38	100042	Logitech	BASE	ME00000020	김민회	2087.99	2025-09-24T14:51:34.8
260	N	N	MP202510200015	Rally Plus	960-001224	GD202010230037	GD	GD	상품	1	1	불량	MW00000001	본사임시창고	3	0	3	MC00000003	Logitech VC	MC00000018	Camera	MC00000077	Large			2963066.609	8889199.827	2025-12-09T09:56:38.6	100042	Logitech	BASE	ME00000020	김민회	2087.99	2025-10-22T10:46:27.243
261	Y	N	MP202502030030	Rally Plus	960-001224	GD202010230037	GD	GD	상품	1	1	불량	MW00000001	본사임시창고	1	0	1	MC00000003	Logitech VC	MC00000018	Camera	MC00000077	Large			3027585.5	3027585.5	2025-04-07T14:48:01.24	100042	Logitech	BASE	ME00000020	김민회	2087.99	2025-02-11T15:50:24.947
262	Y	N	MP202301150239	Rally Plus	960-001224	GD202010230037	GD	GD	상품	1	1	불량	MW00000001	본사임시창고	4	0	4	MC00000003	Logitech VC	MC00000018	Camera	MC00000077	Large			2843911.0	11375644.0	2025-03-10T12:54:25.66	100042	Logitech	BASE	ME00000019	차재호	2087.99	2025-01-24T16:04:31.5
263	Y	N	MP202506020011	Rally Plus	960-001224	GD202010230037	GD	GD	상품	1	1	불량	MW00000001	본사임시창고	4	0	4	MC00000003	Logitech VC	MC00000018	Camera	MC00000077	Large			2872447.84	11489791.36	2025-06-05T14:20:31.487	100042	Logitech	BASE	ME00000020	김민회	2087.99	2025-06-05T10:00:41.547
264	Y	N	MP202506100008	Rally Plus	960-001224	GD202010230037	GD	GD	상품	1	1	불량	MW00000001	본사임시창고	1	0	1	MC00000003	Logitech VC	MC00000018	Camera	MC00000077	Large			2839457.6	2839457.6	2025-07-07T17:04:48.35	100042	Logitech	BASE	ME00000020	김민회	2087.99	2025-06-13T11:53:36.403
265	Y	N	MP202508060028	Rally Plus	960-001224	GD202010230037	GD	GD	상품	1	1	불량	MW00000001	본사임시창고	5	0	5	MC00000003	Logitech VC	MC00000018	Camera	MC00000077	Large			2893954.14	14469770.7	2025-09-04T11:41:56.14	100042	Logitech	BASE	ME00000020	김민회	2087.99	2025-08-12T15:09:59.11
266	Y	N	MP202507160020	Rally System	960-001218	GD202207200059	GD	GD	상품	0	0	양품	MW20000001	대원위탁창고	14	0	14	MC00000003	Logitech VC	MC00000018	Camera	MC00000077	Large			2372530.27	33215423.78	2025-07-16T11:03:40.667	100042	Logitech	BASE	ME00000020	김민회	1727.99	2025-07-16T11:03:40.66
267	Y	N	MP202506180010	Rally System	960-001218	GD202207200059	GD	GD	상품	0	0	양품	MW20000001	대원위탁창고	12	0	12	MC00000003	Logitech VC	MC00000018	Camera	MC00000077	Large			2351621.59	28219459.08	2025-12-09T15:20:02.003	100042	Logitech	BASE	ME00000020	김민회	1727.99	2025-06-27T14:39:16.207
268	N	N	MP202511120020	Rally System	960-001218	GD202207200059	GD	GD	상품	0	0	양품	MW20000001	대원위탁창고	12	0	12	MC00000003	Logitech VC	MC00000018	Camera	MC00000077	Large			2520273.42	30243281.04	2025-11-18T14:01:07.52	100042	Logitech	BASE	ME00000020	김민회	1727.99	2025-11-18T14:01:07.52
269	Y	N	MP202506180010	Rally System	960-001218	GD202207200059	GD	GD	상품	1	1	불량	MW00000001	본사임시창고	1	0	1	MC00000003	Logitech VC	MC00000018	Camera	MC00000077	Large			2351621.59	2351621.59	2025-11-17T13:56:44.293	100042	Logitech	BASE	ME00000020	김민회	1727.99	2025-06-27T14:39:16.207
270	N	N	MP202510200013	Rally Camera Extension Kit	952-000217	GD202510200089	GD	GD	상품	0	0	양품	MW20000001	대원위탁창고	8	2	6	MC00000003	Logitech VC	MC00000018	Camera	MC00000079	Option			667587.213	5340697.704	2025-10-22T10:46:27.25	100042	Logitech	BASE	ME00000020	김민회	470.43	2025-10-22T10:46:27.243
271	N	N	MP202510200014	Rally Camera Extension Kit	952-000226	GD202510200090	GD	GD	상품	0	0	양품	MW20000001	대원위탁창고	12	0	12	MC00000003	Logitech VC	MC00000018	Camera	MC00000079	Option			110703.991	1328447.892	2025-10-22T10:46:27.25	100042	Logitech	BASE	ME00000020	김민회	78.01	2025-10-22T10:46:27.243
272	Y	N	MP202504230026	Scribe	960-001332	GD202108090051	GD	GD	상품	0	0	양품	MW10000001	대여데모가상창고	1	0	1	MC00000003	Logitech VC	MC00000018	Camera	MC00000079	Option			1418000.0	1418000.0	2025-10-21T09:30:01.767	100042	Logitech	재고이관	ME00000020	김민회	0.0	2025-05-02T09:12:49.933
273	Y	N	MP202504230026	Scribe	960-001332	GD202108090051	GD	GD	상품	0	0	양품	MW20000001	대원위탁창고	13	0	13	MC00000003	Logitech VC	MC00000018	Camera	MC00000079	Option			1418000.0	18434000.0	2025-11-05T13:45:01.13	100042	Logitech	재고이관	ME00000020	김민회	0.0	2025-05-02T09:12:49.933
274	Y	N	MP202504090007	Logitech Webcam Brio-BOX	960-001105	GD202504090067	GD	GD	상품	0	0	양품	MW20000001	대원위탁창고	1	0	1	MC00000003	Logitech VC	MC00000019	Personal	MC00000073	Webcam			228133.17	228133.17	2025-04-10T16:43:46.903	100042	Logitech	BASE	ME00000020	김민회	155.51	2025-04-10T16:43:46.9
275	Y	N	MP202302010013	Logitech Zone Wired	981-001097	GD202206230029	GD	GD	상품	1	1	불량	MW00000001	본사임시창고	1	0	1	MC00000003	Logitech VC	MC00000019	Personal	MC00000082	Headset			104511.93	104511.93	2025-03-25T14:05:09.1	100042	Logitech	BASE	ME00000019	차재호	77.69	2024-08-23T16:23:56.823
276	N	Y	MP202511250024	Logitech ConferenceCam Connect	960-001035	GD202010230036	GD	GD	상품	0	0	양품	MW20000001	대원위탁창고	1	0	1	MC00000003	Logitech VC	MC00000020	외부매입	MC00000075	Small			542000.0	542000.0	2025-12-05T16:56:52.22	100042	Logitech	마인드온	ME00000069	박형근	0.0	2025-12-05T16:56:52.21
277	Y	Y	MP202506160010	Logitech ConferenceCam Connect	960-001035	GD202010230036	GD	GD	상품	0	0	양품	MW20000001	대원위탁창고	3	0	3	MC00000003	Logitech VC	MC00000020	외부매입	MC00000075	Small			534000.0	1602000.0	2025-10-23T17:35:01.5	100042	Logitech	세븐앤씨	ME00000069	박형근	0.0	2025-07-03T16:09:27.85
278	N	N	MP202511250027	Meet Up_OB	960-001101	GD202512040088	GD	GD	상품	0	0	양품	MW20000001	대원위탁창고	1	0	1	MC00000003	Logitech VC	MC00000020	외부매입	MC00000075	Small			945000.0	945000.0	2025-12-05T16:56:52.22	100042	Logitech	마인드온	ME00000069	박형근	0.0	2025-12-05T16:56:52.21
279	Y	N	MP202402050002	Damage Box_Rally Bar Mini EU/AP Graphite	960-001395	GD202402050036	GD	GD	상품	0	0	양품	MW20000001	대원위탁창고	1	0	1	MC00000003	Logitech VC	MC00000020	외부매입	MC00000076	Camera			3108000.0	3108000.0	2024-02-05T12:12:40.737	100042	Logitech	BASE	ME00000019	차재호	0.0	2024-02-05T12:12:22.893
280	N	N	MP202511250031	Rally Bar Mini EU/AP Graphite_OB	960-001395	GD202512040090	GD	GD	상품	0	0	양품	MW20000001	대원위탁창고	2	0	2	MC00000003	Logitech VC	MC00000020	외부매입	MC00000076	Camera			3403000.0	6806000.0	2025-12-05T16:56:52.22	100042	Logitech	마인드온	ME00000069	박형근	0.0	2025-12-05T16:56:52.21
281	N	N	MP202511250030	Scribe_OB	960-001332	GD202512040089	GD	GD	상품	0	0	양품	MW20000001	대원위탁창고	1	0	1	MC00000003	Logitech VC	MC00000020	외부매입	MC00000076	Camera			1576000.0	1576000.0	2025-12-05T16:56:52.22	100042	Logitech	마인드온	ME00000069	박형근	0.0	2025-12-05T16:56:52.21
282	Y	N	MP202309130004	Rally Bar White	960-001394	GD202111080109	GD	GD	상품	1	1	불량	MW00000001	본사임시창고	1	0	1	MC00000003	Logitech VC	MC00000020	외부매입	MC00000080	Large			3980000.0	3980000.0	2025-02-28T10:18:12.5	100042	Logitech				0.0	2023-09-22T17:44:42.45
283	Y	N	MP202301150256	Rally Bar Mini White	960-001396	GD202109270173	GD	GD	상품	0	0	양품	MW20000001	대원위탁창고	1	0	1	MC00000003	Logitech VC	MC00000020	외부매입	MC00000081	Midium			2950000.0	2950000.0	2025-07-14T10:46:53.993	100042	Logitech	BASE	ME00000019	차재호	0.0	1900-01-01T00:00:00
284	N	N	MP202511250033	Sight Graphite_OB	960-001510	GD202512040091	GD	GD	상품	0	0	양품	MW20000001	대원위탁창고	2	0	2	MC00000003	Logitech VC	MC00000020	외부매입	MC00000081	Midium			2080000.0	4160000.0	2025-12-05T16:56:52.22	100042	Logitech	마인드온	ME00000069	박형근	0.0	2025-12-05T16:56:52.21
285	Y	N	MP202301150402	Chromebox for Google	GQE15C		GD	GD	상품	0	0	양품	MW10000001	대여데모가상창고	1	0	1	MC00000003	Logitech VC	MC00000020	외부매입	MC00000086	PC			960000.0	960000.0	2023-03-13T14:04:53.017	100079	Google	BASE	ME00000019	차재호	0.0	1900-01-01T00:00:00
286	Y	N	MP202507310005	Chromebox for Google	GQE15C		GD	GD	상품	0	0	양품	MW00000001	본사임시창고	1	0	1	MC00000003	Logitech VC	MC00000020	외부매입	MC00000086	PC			1160000.0	1160000.0	2025-07-31T12:18:08.28	100079	Google	Demo	ME00000073	강진구	0.0	2025-07-31T12:18:08.277
287	N	N	MP202510130014	Chromebox for Google 4세대	CBXUS190020	GD202401030106	GD	GD	상품	0	0	양품	MW20000001	대원위탁창고	22	0	22	MC00000003	Logitech VC	MC00000020	외부매입	MC00000086	PC			1051425.0	23131350.0	2025-12-10T12:05:01.93	100079	Google	BASE	ME00000020	김민회	750.0	2025-10-22T09:28:29.663
288	N	N	MP202510130015	Chromebox for Google 4세대	CBXUS190020-GL	GD202510130061	GD	GD	상품	0	0	양품	MW10000001	대여데모가상창고	1	0	1	MC00000003	Logitech VC	MC00000020	외부매입	MC00000086	PC			1005290.0	1005290.0	2025-12-10T18:25:01.533	100079	Google	BASE	ME00000020	김민회	715.0	2025-10-22T09:28:29.64
289	N	N	MP202510130015	Chromebox for Google 4세대	CBXUS190020-GL	GD202510130061	GD	GD	상품	0	0	양품	MW20000001	대원위탁창고	6	0	6	MC00000003	Logitech VC	MC00000020	외부매입	MC00000086	PC			1005290.0	6031740.0	2025-12-10T18:25:01.533	100079	Google	BASE	ME00000020	김민회	715.0	2025-10-22T09:28:29.64
290	N	N	MP202511250036	Chromebox for Google 4세대_OB	CBXUS190020	GD202512080100	GD	GD	상품	0	0	양품	MW20000001	대원위탁창고	1	0	1	MC00000003	Logitech VC	MC00000020	외부매입	MC00000086	PC			1250000.0	1250000.0	2025-12-05T16:56:52.22	100079	Google	마인드온	ME00000069	박형근	0.0	2025-12-05T16:56:52.21
291	Y	N	MP202301150399	NUC for Zoom	NUC11TNKI5-ZM		GD	GD	상품	0	0	양품	MW10000001	대여데모가상창고	1	0	1	MC00000003	Logitech VC	MC00000020	외부매입	MC00000086	PC			829000.0	829000.0	2023-03-13T14:04:53.013	100070	Vecow Co., Ltd.	BASE	ME00000019	차재호	0.0	1900-01-01T00:00:00
292	Y	N	MP202301150400	NUC for Zoom	NUC11TNKI5-ZM		GD	GD	상품	0	0	양품	MW10000001	대여데모가상창고	1	0	1	MC00000003	Logitech VC	MC00000020	외부매입	MC00000086	PC			829000.0	829000.0	2023-03-13T14:04:53.017	100070	Vecow Co., Ltd.	BASE	ME00000019	차재호	0.0	1900-01-01T00:00:00
293	Y	Y	MP202412100030	Roommate	950-000084	GD202112150145	GD	GD	상품	0	0	양품	MW00000001	본사임시창고	1	0	1	MC00000003	Logitech VC	MC00000020	외부매입	MC00000086	PC			1150000.0	1150000.0	2025-07-31T11:04:36.497	100042	Logitech	DEAL	ME00000022	이석재	0.0	2024-12-16T09:33:49.6
294	N	N	MP202511250035	Expansion Mic for MeetUp_OB	989-000405	GD202512040092	GD	GD	상품	0	0	양품	MW20000001	대원위탁창고	1	0	1	MC00000003	Logitech VC	MC00000020	외부매입	MC00000118	Mic			265000.0	265000.0	2025-12-05T16:56:52.22	100042	Logitech	마인드온	ME00000069	박형근	0.0	2025-12-05T16:56:52.21
295	N	N	MP202511030037	Logitech R500s Graphite	910-006523	GD202305190079	GD	GD	상품	0	0	양품	MW20000001	대원위탁창고	1	1	0	MC00000003	Logitech VC	MC00000020	외부매입	MC00000223	레이저포인트			50000.0	50000.0	2025-11-06T09:22:15.283	100042	Logitech	한빛	ME00000069	박형근	0.0	2025-11-06T09:22:15.28
296	N	N	MP202509290005	LOGITECH MX KEYS MINI(GRAPHITE)	920-010510		GD	GD	상품	0	0	양품	MW00000001	본사임시창고	3	0	3	MC00000003	Logitech VC	MC00000020	외부매입	MC00000237	키보드마우스			110000.0	330000.0	2025-09-30T17:46:07.647	100042	Logitech	한빛인프라	ME00000069	박형근	0.0	2025-09-30T17:43:35.463
297	Y	N	MP202508190026	MK295 Silent Keyboard+Mouse Combo (Black)	920-009812		GD	GD	상품	0	0	양품	MW00000001	본사임시창고	1	0	1	MC00000003	Logitech VC	MC00000020	외부매입	MC00000237	키보드마우스			33000.0	33000.0	2025-08-19T15:53:41.33	100042	Logitech	휴맥스	ME00000069	박형근	0.0	2025-08-19T15:53:41.33
298	Y	N	MP202508190027	MK295 Silent Keyboard+Mouse Combo (White)	920-009832		GD	GD	상품	0	0	양품	MW00000001	본사임시창고	1	0	1	MC00000003	Logitech VC	MC00000020	외부매입	MC00000237	키보드마우스			33000.0	33000.0	2025-08-19T15:53:41.33	100042	Logitech	휴맥스	ME00000069	박형근	0.0	2025-08-19T15:53:41.33
299	N	N	MP202511250015	Logitech Compute Mount	952-000097	GD202206230027	GD	GD	상품	0	0	양품	MW20000001	대원위탁창고	9	0	9	MC00000003	Logitech VC	MC00000020	외부매입	MC00000240	Mount			126000.0	1134000.0	2025-12-05T16:56:52.217	100042	Logitech	마인드온	ME00000069	박형근	0.0	2025-12-05T16:56:52.21
300	Y	N	MP202401080007	Logitech Compute Mount	952-000097	GD202206230027	GD	GD	상품	0	0	양품	MW20000001	대원위탁창고	1	0	1	MC00000003	Logitech VC	MC00000020	외부매입	MC00000240	Mount			119000.0	119000.0	2024-10-08T09:00:02.667	100042	Logitech	BASE	ME00000019	차재호	0.0	2024-01-08T15:51:19.707
301	N	N	MP202511250018	Mic Pod Pendant Mount_OB	952-000123	GD202512040086	GD	GD	상품	0	0	양품	MW20000001	대원위탁창고	8	0	8	MC00000003	Logitech VC	MC00000020	외부매입	MC00000240	Mount			126000.0	1008000.0	2025-12-05T16:56:52.22	100042	Logitech	마인드온	ME00000069	박형근	0.0	2025-12-05T16:56:52.21
302	N	N	MP202511250012	Rally Mic Pod Mount	952-000002	GD202101150011	GD	GD	상품	0	0	양품	MW20000001	대원위탁창고	19	0	19	MC00000003	Logitech VC	MC00000020	외부매입	MC00000240	Mount			76000.0	1444000.0	2025-12-17T14:25:01.58	100042	Logitech	마인드온	ME00000069	박형근	0.0	2025-12-05T16:56:52.21
303	N	N	MP202511250017	Scribe Glass Mount	952-000120	GD202212190047	GD	GD	상품	0	0	양품	MW20000001	대원위탁창고	3	0	3	MC00000003	Logitech VC	MC00000020	외부매입	MC00000240	Mount			63000.0	189000.0	2025-12-05T16:56:52.217	100042	Logitech	마인드온	ME00000069	박형근	0.0	2025-12-05T16:56:52.21
304	N	N	MP202511250016	Scribe Polarizer	952-000116	GD202212190046	GD	GD	상품	0	0	양품	MW20000001	대원위탁창고	1	0	1	MC00000003	Logitech VC	MC00000020	외부매입	MC00000240	Mount			208000.0	208000.0	2025-12-05T16:56:52.217	100042	Logitech	마인드온	ME00000069	박형근	0.0	2025-12-05T16:56:52.21
305	N	N	MP202511250019	Tap Scheduler Angle Mount-Graphite	952-000126	GD202212190049	GD	GD	상품	0	0	양품	MW20000001	대원위탁창고	2	0	2	MC00000003	Logitech VC	MC00000020	외부매입	MC00000240	Mount			113000.0	226000.0	2025-12-05T16:56:52.22	100042	Logitech	마인드온	ME00000069	박형근	0.0	2025-12-05T16:56:52.21
306	N	N	MP202511250010	Tap Table Mount	939-001811	GD202109270172	GD	GD	상품	0	0	양품	MW20000001	대원위탁창고	2	0	2	MC00000003	Logitech VC	MC00000020	외부매입	MC00000240	Mount			271000.0	542000.0	2025-12-05T16:56:52.217	100042	Logitech	마인드온	ME00000069	박형근	0.0	2025-12-05T16:56:52.21
307	N	N	MP202509240009	MX Anywhere 3S 블랙	910-006935	GD202509240192	GD	GD	상품	0	0	양품	MW20000001	대원위탁창고	3	0	3	MC00000003	Logitech VC	MC00000020	외부매입	MC00000259	Option			73000.0	219000.0	2025-09-25T11:51:18.53	100042	Logitech	버퍼	ME00000069	박형근	0.0	2025-09-25T11:51:18.527
308	Y	Y	MP202507280002	MX Keys S 콤보 블랙	920-011618		GD	GD	상품	0	0	양품	MW00000001	본사임시창고	2	0	2	MC00000003	Logitech VC	MC00000020	외부매입	MC00000259	Option			200000.0	400000.0	2025-09-03T16:28:32.957	100042	Logitech	DEAL	ME00000069	박형근	0.0	2025-09-03T16:28:12.873
309	N	Y	MP202511250021	5m USB Alt Model Cable Accessory for Meetup 2	952-000195	GD202501030123	GD	GD	상품	0	0	양품	MW20000001	대원위탁창고	1	0	1	MC00000003	Logitech VC	MC00000020	외부매입	MC00000262	Cable			170000.0	170000.0	2025-12-05T16:56:52.22	100042	Logitech	마인드온	ME00000069	박형근	0.0	2025-12-05T16:56:52.21
310	Y	Y	MP202503250045	5m USB Alt Model Cable Accessory for Meetup 2	952-000195	GD202501030123	GD	GD	상품	1	1	불량	MW00000001	본사임시창고	2	0	2	MC00000003	Logitech VC	MC00000020	외부매입	MC00000262	Cable			164000.0	328000.0	2025-04-03T14:31:53.62	100042	Logitech	DEAL	ME00000022	이석재	0.0	2025-03-26T10:38:40.843
311	N	Y	MP202511250020	Rally Mic Pod Cat Coupler	952-000181	GD202402160170	GD	GD	상품	0	0	양품	MW20000001	대원위탁창고	4	1	3	MC00000003	Logitech VC	MC00000020	외부매입	MC00000262	Cable			101000.0	404000.0	2025-12-16T14:55:01.413	100042	Logitech	마인드온	ME00000069	박형근	0.0	2025-12-05T16:56:52.21
312	N	Y	MP202512040009	Rally Mic Pod Cat Coupler_OB	952-000181	GD202512040087	GD	GD	상품	0	0	양품	MW20000001	대원위탁창고	2	0	2	MC00000003	Logitech VC	MC00000020	외부매입	MC00000262	Cable			101000.0	202000.0	2025-12-05T16:56:52.22	100042	Logitech	마인드온	ME00000069	박형근	0.0	2025-12-05T16:56:52.21
313	N	N	MP202511250009	Strong USB 3.1 Cable - 10m	939-001799	GD202105280093	GD	GD	상품	0	0	양품	MW20000001	대원위탁창고	3	0	3	MC00000003	Logitech VC	MC00000020	외부매입	MC00000262	Cable			328000.0	984000.0	2025-12-16T18:05:27.673	100042	Logitech	마인드온	ME00000069	박형근	0.0	2025-12-05T16:56:52.21
314	N	N	MP202511250007	Rally Pod Hub, Graphite_OB	939-001647	GD202512040085	GD	GD	상품	0	0	양품	MW20000001	대원위탁창고	2	0	2	MC00000003	Logitech VC	MC00000020	외부매입	MC00000281	HUB			221000.0	442000.0	2025-12-05T16:56:52.22	100042	Logitech	마인드온	ME00000069	박형근	0.0	2025-12-05T16:56:52.21
315	N	N	MP202511250029	Logitech Webcam Brio	960-001105	GD202011090208	GD	GD	상품	0	0	양품	MW20000001	대원위탁창고	2	0	2	MC00000003	Logitech VC	MC00000020	외부매입	MC00000285	Webcam			240000.0	480000.0	2025-12-05T16:56:52.22	100042	Logitech	마인드온	ME00000069	박형근	0.0	2025-12-05T16:56:52.21
316	N	N	MP202511250025	Logitech Webcam C925e	960-001075	GD202010230034	GD	GD	상품	0	0	양품	MW20000001	대원위탁창고	2	0	2	MC00000003	Logitech VC	MC00000020	외부매입	MC00000285	Webcam			110000.0	220000.0	2025-12-05T16:56:52.22	100042	Logitech	마인드온	ME00000069	박형근	0.0	2025-12-05T16:56:52.21
317	N	N	MP202506160009	Logitech Webcam C925e	960-001075	GD202010230034	GD	GD	상품	0	0	양품	MW20000001	대원위탁창고	2	0	2	MC00000003	Logitech VC	MC00000020	외부매입	MC00000285	Webcam			106000.0	212000.0	2025-12-01T11:55:01.17	100042	Logitech	세븐앤씨및	ME00000069	박형근	0.0	2025-11-28T15:07:18.033
318	N	N	MP202508120024	Logitech Webcam C925e	960-001075	GD202010230034	GD	GD	상품	1	1	불량	MW00000001	본사임시창고	1	0	1	MC00000003	Logitech VC	MC00000020	외부매입	MC00000285	Webcam			106000.0	106000.0	2025-09-01T14:26:05.35	100042	Logitech	고우넷&BASE	ME00000069	박형근	0.0	2025-10-24T13:56:41.973
319	N	N	MP202506090006	Webcam C930e	960-000976	GD202101150006	GD	GD	상품	0	0	양품	MW00000001	본사임시창고	20	0	20	MC00000003	Logitech VC	MC00000020	외부매입	MC00000285	Webcam			135000.0	2700000.0	2025-12-23T12:20:15.367	100042	Logitech	고우넷	ME00000069	박형근	0.0	2025-12-23T12:20:15.363
320	N	N	MP202506090006	Webcam C930e	960-000976	GD202101150006	GD	GD	상품	0	0	양품	MW20000001	대원위탁창고	8	0	8	MC00000003	Logitech VC	MC00000020	외부매입	MC00000285	Webcam			135000.0	1080000.0	2025-12-23T12:20:05.71	100042	Logitech	고우넷	ME00000069	박형근	0.0	2025-12-23T12:20:15.363
321	N	N	MP202511250023	Webcam C930e	960-000976	GD202101150006	GD	GD	상품	0	0	양품	MW20000001	대원위탁창고	2	0	2	MC00000003	Logitech VC	MC00000020	외부매입	MC00000285	Webcam			140000.0	280000.0	2025-12-05T16:56:52.22	100042	Logitech	마인드온	ME00000069	박형근	0.0	2025-12-05T16:56:52.21
322	N	Y	MP202511250013	SWYTCH_OB	952-000014	GD202512080101	GD	GD	상품	0	0	양품	MW20000001	대원위탁창고	1	0	1	MC00000003	Logitech VC	MC00000020	외부매입	MC00000325	Connector			1008000.0	1008000.0	2025-12-05T16:56:52.217	100042	Logitech	마인드온	ME00000069	박형근	0.0	2025-12-05T16:56:52.21
323	N	N	MP202510200023	LG 32인치 스마트모니터 스윙	32U889SAW		GD	GD	상품	0	0	양품	MW00000001	본사임시창고	1	0	1	MC00000003	Logitech VC	MC00000020	외부매입	MC00000535	Monitor			868182.0	868182.0	2025-10-21T11:35:07.747	100021	LG	Logitech 데모	ME00000011	신지호	0.0	2025-10-21T11:35:07.727
324	N	N	MP202510200024	LG 스윙 스탠드 플레이트	STA33P		GD	GD	상품	0	0	양품	MW00000001	본사임시창고	1	0	1	MC00000003	Logitech VC	MC00000020	외부매입	MC00000535	Monitor			31818.0	31818.0	2025-10-21T11:35:07.747	100021	LG	Logitech 데모	ME00000011	신지호	0.0	2025-10-21T11:35:07.727
325	Y	N	MP202504230064	MeetUp + RoomMate + TAP IP	991-000433	GD202504220654	GD	GD	상품	0	0	양품	MW20000001	대원위탁창고	1	0	1	MC00000003	Logitech VC	MC00000522	Bundle	MC00000523	Bundle			2068000.0	2068000.0	2025-05-14T10:27:20.61	100042	Logitech	재고이관	ME00000020	김민회	0.0	2025-05-02T09:12:49.437
326	Y	N	MP202504230066	Rally Bar + TAP IP	991-000431	GD202504220656	GD	GD	상품	0	0	양품	MW20000001	대원위탁창고	3	0	3	MC00000003	Logitech VC	MC00000522	Bundle	MC00000523	Bundle			4526000.0	13578000.0	2025-10-29T15:25:02.66	100042	Logitech	재고이관	ME00000020	김민회	0.0	2025-05-02T09:12:49.4
327	Y	N	MP202508060035	Rally Bar + TAP IP	991-000431	GD202504220656	GD	GD	상품	0	0	양품	MW20000001	대원위탁창고	4	0	4	MC00000003	Logitech VC	MC00000522	Bundle	MC00000523	Bundle			4317390.0	17269560.0	2025-11-11T19:15:02.067	100042	Logitech	BASE	ME00000020	김민회	3115.0	2025-08-13T17:40:50.18
328	N	N	MP202511120030	Rally Bar + TAP IP	991-000431	GD202504220656	GD	GD	상품	0	0	양품	MW20000001	대원위탁창고	2	0	2	MC00000003	Logitech VC	MC00000522	Bundle	MC00000523	Bundle			4543227.5	9086455.0	2025-11-18T14:01:07.243	100042	Logitech	BASE	ME00000020	김민회	3115.0	2025-11-18T14:01:07.243
329	N	N	MP202511120029	Rally Bar Mini + TAP IP	991-000396	GD202504220652	GD	GD	상품	0	0	양품	MW20000001	대원위탁창고	2	0	2	MC00000003	Logitech VC	MC00000522	Bundle	MC00000523	Bundle			3479981.0	6959962.0	2025-11-18T14:01:07.3	100042	Logitech	BASE	ME00000020	김민회	2386.0	2025-11-18T14:01:07.3
330	Y	N	MP202508060034	Rally Bar Mini + TAP IP	991-000396	GD202504220652	GD	GD	상품	0	0	양품	MW20000001	대원위탁창고	2	0	2	MC00000003	Logitech VC	MC00000522	Bundle	MC00000523	Bundle			3306996.0	6613992.0	2025-11-17T13:25:01.077	100042	Logitech	BASE	ME00000020	김민회	2386.0	2025-08-13T17:40:50.2
331	Y	N	MP202505190053	Rally Bar Mini + TAP IP	991-000396	GD202504220652	GD	GD	상품	0	0	양품	MW20000001	대원위탁창고	1	0	1	MC00000003	Logitech VC	MC00000522	Bundle	MC00000523	Bundle			3256890.0	3256890.0	2025-11-10T15:25:01.337	100042	Logitech	BASE	ME00000020	김민회	2386.0	2025-05-29T09:56:13.607
