겨,제품,Tag,사용 현황,제품 PN,제품 위치
1923LZ52HEG9,Rally System,Rally System,대여 가능,960-001218,2층 창고
1832LZ0P35D9,Rally Camera,Rally Camera #1,대여 가능,960-001226,2층 창고
2323LZ52MTV9,Rally Camera,Rally Camera #2,대여 가능,960-001226,2층 창고
2138FDAKQQD9,Rally Bar,Rally Bar white,사용중,97855171337,2층 창고
2345FD2KBUB9,Rally Bar Mini,Rally Bar Mini,사용중,960-001395,2층 창고
2102LZ51B8JM,Rally Plus,Rally Plus,대여 가능,960-001224,2층 창고
"2115LZ53HFC9 (속박스)
2115LZ511ELM (겉박스)",Rally Plus,Rally Plus,대여 가능,960-001224,2층 창고
2132LZ51X599,MeetUp,Meet up #1,대여 가능,960-001101,2층 창고
2310LZ51HYX9,MeetUp,Meet up #2,대여 가능,960-001101,2층 창고
2120WD0078E9,TAP,Meet up #2,대여 가능,939-001950,　
2412FDJXA979,TAP IP,TAP IP,사용중,97855170002,2층 창고
2329LZ50C489,Sight,Sight,대여 가능,97855181596,2층 창고
2146FDGM4JX9,Roommate,Roommate,사용중,950-000084,　
2231LX102W19,Logi Dock,Logi Dock Graphite,사용중,986-000024,　
2328WY002248,Logi Dock Flex,Logi Dock Flex #1,대여 가능,939-002180,2층 창고
2328WY002268,Logi Dock Flex,Logi Dock Flex #2,대여 가능,939-002180,2층 창고
2342WY001Y58,Logi Dock Flex,Logi Dock Flex #3,대여 가능,939-002180,2층 창고
2240LZ525XQ9,Brio,Brio,사용중,960-001105,2층 창고
0WDCTFQI2210832B,Chromebox for Google,Chromebox for Google,사용중,GQE15C,　
2228WD01B2C9,SWYTCH,SWYTCH 1,대여 가능,952-000014,2층 창고
2202WD08A2D9,SWYTCH,SWYTCH 2,대여 가능,952-000014,2층 창고
2252LZ542JR9,Rally Mic Pod Extension Cable,Rally Mic Pod Extension Cable EU/AP White,대여 가능,952-000047,2층 창고
2120WD00F749,CAT5E Kit for TAP,CAT5E Kit for TAP,대여 가능,　,　
OTTV01,TV Mount for Video Bars,TV Mount for Video Bars,사용중,952-000041,2층 창고
OTWALL01,Wall Mount For Video Bars,Wall Mount For Video Bars,사용중,952-000044,2층 창고
2445VSXT07C9,Extend,Extend #1,사용중,952-000198,2층 창고
2445VS4T07M9,Extend,Extend #2,대여 가능,952-000198,2층 창고
2445wde0eb49,Active USB Cable,Active USB Cable #1,불량,,2층 창고
2445wdb0e7r9,Active USB Cable,Active USB Cable #2,사용중,,2층 창고
2240LZ5261J9,Brio,Brio,대여 가능,,
,,,,,
,,,,,
Logitech 데모 장비,,,,,
2421FD3YCMA9,MeetUp 2,MeetUp 2 #1,대여 가능,LOGI_MU2_#1,　
2421FDM2DMA9,MeetUp 2,MeetUp 2 #3,대여 가능,LOGI_MU2_#3,2층 창고
2421FDJZCMA9,MeetUp 2,MeetUp 2 #7,사용중,LOGI_MU2_#7,15층 데모 사용중
2046LZ53TG39,Rally Plus,Rally Plus,대여 가능,LOGI_RALLY_PLUS_#2,2층 창고
2135FDAGDHT9,Rally Bar,Rally Bar,사용중,LOGI_RB_W_#3,　
2315FDMA0LD9,Rally Bar Huddle,Rally Bar Huddle,대여 가능,LOGI_RBH_G_#1,15층 데모
2134FDZEQH29,Rally Bar Mini,Rally Bar Mini,사용중,LOGI_RBM_W_#2,2층 창고
2410LZ532FJ9,Reach,Reach,대여 가능,LOGI_REACH_#3,2층 창고
2135FDGM2ZN9,RoomMate,RoomMate,사용중,LOGI_RMATE_#2,2층 창고
2136LZ50QV89,Scribe,Scribe,대여 가능,LOGI_SCRIBE_#2,2층 창고
2022WD018A99,Strong USB Cable,Strong USB Cable,대여 가능,LOGI_STUSB_#1,2층 창고
2028WD0158C9,SWYTCH,Swytch,대여 가능,LOGI_SWYTCH_#2,2층 창고
2135FDJXFEH9,Tap IP,Tap IP,대여 가능,LOGI_TAPIP_#2,2층 창고
2429WD047ED9,Active USB Cable,Active USB Cable,사용중,MeetUp 2 Sample,　
2429WD047E99,Active USB Cable,Active USB Cable,사용중,MeetUp 2 Sample,　
2429WD047B99,Active USB Cable,Active USB Cable,대여 가능,MeetUp 2 Sample,　
2429WD047A79,Active USB Cable,Active USB Cable,사용중,,
2421FDDDCMA9,MeetUp 2,MeetUp 2,사용중,LOGI_MU2_#5,에티버스 -> CCK 데모
2429WD047B89,Meetup 2 Active USB Cable (5M),Meetup 2 Active USB Cable (5M),대여 가능,LOGI_ACT_#3,에티버스 -> CCK 데모
2324FD1N6UD9,Rally Bar,Rally Bar EU/AP Graphite - KO,대여 가능,LOGI_RB_G_#1,에티버스 -> CCK 데모
2324FDMAKLZ9,Rally Bar Huddle,Rally Bar Huddle Graphite,사용중,LOGI_RBH_G_#2,에티버스 -> CCK 데모
2115FDJM4V69,Rally Bar Huddle,TAP IP (W),사용중,LOGI_TAPIP_W_#1,에티버스 -> CCK 데모
2412FDJXAFZ9,TAP IP,TAP IP (G),사용중,Google Kickstart in AP,에티버스 -> CCK 데모
2324LZ50NG99,Sight,Sight,사용중,　,에티버스 -> CCK 데모
0WXBTFQI24048323,Google Chromebox (CTL GQE20C),Google Chromebox (CTL GQE20C),사용중,Google Kickstart in AP,에티버스 -> 유엔터스
2421FD6UCMA9,MeetUp 2,MeetUp 2,대여 가능,LOGI_MU2_#6,에티버스 -> 유엔터스
2429WD047A39,Meetup 2 Active USB Cable (5M),Meetup 2 Active USB Cable (5M),사용중,LOGI_ACT_#2,에티버스 -> 유엔터스
2413FD2JLWN9,Rally Bar Mini,Rally Bar Mini,사용중,Google Kickstart in AP,에티버스 -> 유엔터스
2410LZ532FW9,Reach,Reach,사용중,LOGI_REACH_#2,에티버스 -> 유엔터스
2116LZA18Y69,Scribe,Scribe WW,대여 가능,LOGI_SCRIBE_#1,에티버스 -> 유엔터스
2028WD015A79,SWYTCH,SWYTCH,대여 가능,LOGI_SWYTCH_#1,에티버스 -> 유엔터스
2151WD018729,TAP,Tap Cat5e kit,사용중,　,에티버스 -> 유엔터스
2411FD1LG7M9,Rally Bar,Rally Bar,더블 전달,,에티버스 -> ESCO
1951LZ54ZE09,Rally Plus,Rally Plus,대여 가능,22521ZBG0AG99 변경 SN,에티버스 -> ESCO
2432VS600099,Extend,Extend #1,대여 가능,,LOGI HQ -> 파트너->OT
,,,,,
,,,,,
Google 데모 장비,,,,,
2412FDJXA979,TAP IP,Tap IP,사용중,Google Kickstart in AP,2층 창고
2151WD018779,TAP,Tap Cat5e kit,대여 가능,Google Kickstart in AP,2층 창고
0WXBTFQI24048323,CTL GQE20C,CTL GQE20C,사용중,Google Kickstart in AP,2층 창고
2415FG10CA09,Rally Bar,Rally Bar,사용중,Google Kickstart in AP,2층 창고
2413FD2JLXW9,Rally Bar Mini,Rally Bar Mini,사용중,Google Kickstart in AP,2층 창고
